product_id,product_name,category,current_stock,last_week_sales,past_30d_avg,price,cost,discount_pct,lead_time_days,competitor_price,footfall_factor,target_weekly_demand
SKU-107,Hydrating Facial Cleanser 200ml,Personal Care,303,202,186.65,18.6,6.5,10,3,18.6,0.88,210.4
SKU-106,Eco Bamboo Paper Towels 6pk,Household,186,28,29.49,13.04,5.2,0,4,14.33,1.0,31.2
SKU-109,Plant Protein Powder 900g,Health & Nutrition,218,83,85.23,32.71,19.5,0,8,32.25,0.9,75.7
SKU-109,Plant Protein Powder 900g,Health & Nutrition,110,25,25.65,32.98,19.5,0,8,35.97,1.25,32.8
SKU-105,Wireless Ergonomic Mouse,Electronics,94,69,64.71,32.11,16.0,10,9,34.36,1.3,93.0
SKU-106,Eco Bamboo Paper Towels 6pk,Household,211,63,64.02,10.43,5.2,20,5,10.44,1.3,109.2
SKU-108,Organic Honeycrisp Apples 1kg,Produce,128,149,149.75,7.4,3.1,20,1,7.8,1.26,244.4
SKU-109,Plant Protein Powder 900g,Health & Nutrition,248,84,77.25,31.63,19.5,5,6,31.35,1.26,96.4
SKU-103,Premium Colombian Coffee 500g,Beverages,119,200,205.09,16.96,7.8,10,5,18.4,1.16,268.4
SKU-108,Organic Honeycrisp Apples 1kg,Produce,267,171,174.75,6.29,3.1,10,1,6.22,1.21,225.9
SKU-110,Dark Chocolate Sea Salt Bark,Snacks,314,70,65.9,7.27,3.4,15,3,6.83,0.95,86.1
SKU-104,Extra Virgin Olive Oil 750ml,Pantry,60,228,214.28,18.55,10.5,15,6,17.83,0.99,239.1
SKU-102,Artisan Sourdough Loaf,Bakery,116,161,153.1,5.55,2.1,5,3,5.32,1.29,206.9
SKU-101,Organic Almond Milk 1L,Groceries,149,78,80.76,4.04,2.2,0,4,3.94,1.11,82.3
SKU-105,Wireless Ergonomic Mouse,Electronics,27,177,167.2,28.82,16.0,0,10,27.65,1.05,169.4
SKU-107,Hydrating Facial Cleanser 200ml,Personal Care,16,131,124.74,16.5,6.5,0,5,16.99,1.06,131.2
SKU-101,Organic Almond Milk 1L,Groceries,267,164,171.11,4.64,2.2,5,2,4.73,1.19,221.6
SKU-108,Organic Honeycrisp Apples 1kg,Produce,69,125,139.5,6.49,3.1,20,2,6.9,1.01,159.6
SKU-103,Premium Colombian Coffee 500g,Beverages,243,153,159.52,13.55,7.8,5,4,13.02,0.94,157.4
SKU-101,Organic Almond Milk 1L,Groceries,286,173,182.77,4.28,2.2,5,2,4.47,1.18,222.7
SKU-109,Plant Protein Powder 900g,Health & Nutrition,101,136,128.19,40.21,19.5,30,6,41.03,0.94,183.6
SKU-104,Extra Virgin Olive Oil 750ml,Pantry,205,223,237.98,19.62,10.5,0,8,18.62,1.18,271.5
SKU-109,Plant Protein Powder 900g,Health & Nutrition,250,170,149.81,32.9,19.5,5,7,34.37,0.96,159.9
SKU-104,Extra Virgin Olive Oil 750ml,Pantry,96,101,106.92,19.98,10.5,0,6,20.33,1.03,100.0
SKU-106,Eco Bamboo Paper Towels 6pk,Household,174,245,244.22,12.94,5.2,5,4,12.72,1.14,303.3
SKU-103,Premium Colombian Coffee 500g,Beverages,132,149,158.6,13.65,7.8,30,6,13.71,1.31,264.1
SKU-109,Plant Protein Powder 900g,Health & Nutrition,70,238,228.33,36.33,19.5,10,6,39.83,1.0,270.5
SKU-102,Artisan Sourdough Loaf,Bakery,53,145,160.18,6.43,2.1,10,1,6.03,1.35,197.9
SKU-110,Dark Chocolate Sea Salt Bark,Snacks,149,221,233.77,8.58,3.4,15,3,8.45,1.0,274.7
SKU-110,Dark Chocolate Sea Salt Bark,Snacks,121,16,16.49,7.58,3.4,0,4,7.51,1.3,19.2
SKU-102,Artisan Sourdough Loaf,Bakery,301,37,37.7,5.44,2.1,5,2,5.54,1.27,51.5
SKU-105,Wireless Ergonomic Mouse,Electronics,146,137,145.88,28.61,16.0,10,10,26.76,0.95,128.3
SKU-103,Premium Colombian Coffee 500g,Beverages,154,164,172.9,17.15,7.8,5,5,16.77,1.05,174.5
SKU-110,Dark Chocolate Sea Salt Bark,Snacks,87,241,260.43,8.58,3.4,5,3,8.16,1.07,288.8
SKU-106,Eco Bamboo Paper Towels 6pk,Household,256,182,189.0,11.15,5.2,30,3,11.74,1.07,282.6
SKU-103,Premium Colombian Coffee 500g,Beverages,65,193,170.51,13.93,7.8,0,6,12.92,1.34,230.0
SKU-110,Dark Chocolate Sea Salt Bark,Snacks,224,194,208.29,7.88,3.4,5,4,8.17,1.16,246.8
SKU-110,Dark Chocolate Sea Salt Bark,Snacks,304,234,234.06,8.27,3.4,10,2,8.53,1.32,339.5
SKU-104,Extra Virgin Olive Oil 750ml,Pantry,288,150,145.97,19.63,10.5,5,7,19.99,1.16,170.7
SKU-102,Artisan Sourdough Loaf,Bakery,285,24,24.68,5.89,2.1,10,3,5.83,0.86,24.0
SKU-109,Plant Protein Powder 900g,Health & Nutrition,102,131,137.06,34.54,19.5,25,7,32.02,1.25,218.6
SKU-103,Premium Colombian Coffee 500g,Beverages,87,247,241.82,14.89,7.8,15,6,14.61,1.13,309.2
SKU-107,Hydrating Facial Cleanser 200ml,Personal Care,313,191,202.67,15.73,6.5,25,4,15.9,1.01,265.7
SKU-104,Extra Virgin Olive Oil 750ml,Pantry,331,149,153.71,18.72,10.5,0,6,18.33,0.96,142.4
SKU-109,Plant Protein Powder 900g,Health & Nutrition,126,41,45.24,40.01,19.5,30,6,37.21,1.29,76.7
SKU-106,Eco Bamboo Paper Towels 6pk,Household,85,34,35.64,10.55,5.2,20,4,11.05,1.11,52.8
SKU-108,Organic Honeycrisp Apples 1kg,Produce,171,102,98.83,7.16,3.1,25,3,7.86,1.2,180.4
SKU-110,Dark Chocolate Sea Salt Bark,Snacks,269,227,205.82,8.18,3.4,0,4,8.22,1.22,253.1
SKU-109,Plant Protein Powder 900g,Health & Nutrition,82,189,197.21,33.57,19.5,5,7,33.77,1.28,261.7
SKU-105,Wireless Ergonomic Mouse,Electronics,221,74,77.47,27.56,16.0,0,9,26.43,1.08,84.6
SKU-106,Eco Bamboo Paper Towels 6pk,Household,218,105,110.97,12.97,5.2,30,5,12.07,1.08,147.9
SKU-110,Dark Chocolate Sea Salt Bark,Snacks,189,106,99.12,7.72,3.4,0,2,7.46,1.2,117.6
SKU-101,Organic Almond Milk 1L,Groceries,255,111,113.74,4.35,2.2,0,4,4.06,1.32,132.2
SKU-108,Organic Honeycrisp Apples 1kg,Produce,56,221,223.74,6.11,3.1,5,3,6.48,1.34,358.3
SKU-105,Wireless Ergonomic Mouse,Electronics,99,191,186.09,33.21,16.0,10,10,30.93,1.06,216.6
SKU-105,Wireless Ergonomic Mouse,Electronics,214,185,196.41,29.82,16.0,0,10,28.54,1.33,247.9
SKU-101,Organic Almond Milk 1L,Groceries,291,172,176.88,4.44,2.2,0,4,4.62,1.09,203.9
SKU-105,Wireless Ergonomic Mouse,Electronics,247,35,37.45,31.41,16.0,5,10,31.27,1.16,42.5
SKU-103,Premium Colombian Coffee 500g,Beverages,316,227,233.39,17.17,7.8,10,4,17.76,1.07,281.4
SKU-108,Organic Honeycrisp Apples 1kg,Produce,174,228,216.94,6.69,3.1,10,3,7.11,1.31,292.0
SKU-104,Extra Virgin Olive Oil 750ml,Pantry,49,122,136.06,18.93,10.5,0,6,19.57,0.89,117.8
SKU-108,Organic Honeycrisp Apples 1kg,Produce,19,178,174.23,7.26,3.1,5,2,7.95,0.95,174.2
SKU-105,Wireless Ergonomic Mouse,Electronics,49,96,92.49,27.23,16.0,5,11,27.67,1.3,121.3
SKU-110,Dark Chocolate Sea Salt Bark,Snacks,304,202,208.2,7.35,3.4,20,3,7.98,0.85,208.7
SKU-108,Organic Honeycrisp Apples 1kg,Produce,188,190,175.61,6.18,3.1,0,3,6.22,1.23,223.8
SKU-108,Organic Honeycrisp Apples 1kg,Produce,188,46,48.07,7.21,3.1,15,3,6.67,1.07,57.4
SKU-109,Plant Protein Powder 900g,Health & Nutrition,312,188,173.66,36.42,19.5,20,8,34.09,0.91,220.4
SKU-103,Premium Colombian Coffee 500g,Beverages,135,167,166.18,15.68,7.8,15,5,16.0,1.13,235.5
SKU-105,Wireless Ergonomic Mouse,Electronics,7,100,103.5,31.27,16.0,0,10,34.32,1.32,134.5
SKU-104,Extra Virgin Olive Oil 750ml,Pantry,146,214,192.83,20.38,10.5,0,6,21.84,1.11,217.7
SKU-104,Extra Virgin Olive Oil 750ml,Pantry,63,249,272.7,19.31,10.5,25,8,17.78,0.98,330.6
SKU-108,Organic Honeycrisp Apples 1kg,Produce,187,127,137.32,6.17,3.1,30,2,6.47,1.22,229.9
SKU-101,Organic Almond Milk 1L,Groceries,132,158,149.98,4.69,2.2,0,2,4.72,1.15,200.7
SKU-110,Dark Chocolate Sea Salt Bark,Snacks,168,247,236.47,8.81,3.4,0,3,9.19,0.91,198.9
SKU-106,Eco Bamboo Paper Towels 6pk,Household,346,111,106.97,13.01,5.2,20,5,14.23,1.32,181.3
SKU-101,Organic Almond Milk 1L,Groceries,289,189,192.38,4.99,2.2,0,4,5.31,1.25,226.6
SKU-105,Wireless Ergonomic Mouse,Electronics,160,206,214.17,30.91,16.0,0,10,33.32,1.19,266.3
SKU-106,Eco Bamboo Paper Towels 6pk,Household,317,141,138.93,12.0,5.2,0,5,11.89,1.12,159.1
SKU-103,Premium Colombian Coffee 500g,Beverages,175,142,139.67,14.74,7.8,15,4,15.4,1.29,224.8
SKU-106,Eco Bamboo Paper Towels 6pk,Household,307,191,200.49,12.58,5.2,0,5,12.04,1.23,257.3
SKU-101,Organic Almond Milk 1L,Groceries,56,39,39.34,4.47,2.2,5,2,4.6,1.25,54.7
SKU-102,Artisan Sourdough Loaf,Bakery,123,17,17.4,6.24,2.1,15,1,6.41,1.33,25.7
SKU-106,Eco Bamboo Paper Towels 6pk,Household,93,109,108.01,13.06,5.2,0,5,13.39,0.9,102.7
SKU-104,Extra Virgin Olive Oil 750ml,Pantry,151,230,246.01,16.76,10.5,10,6,17.75,1.15,340.4
SKU-108,Organic Honeycrisp Apples 1kg,Produce,119,212,232.9,6.04,3.1,0,3,5.74,1.27,256.3
SKU-105,Wireless Ergonomic Mouse,Electronics,190,104,110.1,28.53,16.0,15,9,29.35,1.05,127.4
SKU-106,Eco Bamboo Paper Towels 6pk,Household,65,96,92.47,12.46,5.2,5,3,11.97,0.92,75.7
SKU-108,Organic Honeycrisp Apples 1kg,Produce,336,88,93.92,6.29,3.1,0,2,6.03,0.94,83.1
SKU-101,Organic Almond Milk 1L,Groceries,152,145,157.55,4.64,2.2,0,3,4.52,1.05,150.4
SKU-101,Organic Almond Milk 1L,Groceries,189,23,22.85,4.68,2.2,0,2,4.96,1.11,27.9
SKU-101,Organic Almond Milk 1L,Groceries,98,109,110.56,4.22,2.2,0,2,4.54,1.23,140.0
SKU-101,Organic Almond Milk 1L,Groceries,72,20,18.35,4.84,2.2,10,2,4.48,0.98,21.6
SKU-108,Organic Honeycrisp Apples 1kg,Produce,346,39,41.81,6.13,3.1,10,3,5.9,1.25,59.1
SKU-104,Extra Virgin Olive Oil 750ml,Pantry,76,236,215.67,18.53,10.5,0,8,17.34,0.89,201.9
SKU-103,Premium Colombian Coffee 500g,Beverages,94,43,46.88,15.9,7.8,15,5,17.23,1.02,59.9
SKU-104,Extra Virgin Olive Oil 750ml,Pantry,53,161,157.5,19.2,10.5,5,8,18.68,1.23,183.3
SKU-110,Dark Chocolate Sea Salt Bark,Snacks,191,147,164.12,8.13,3.4,0,3,8.19,0.98,139.0
SKU-106,Eco Bamboo Paper Towels 6pk,Household,320,166,162.88,10.72,5.2,25,4,11.2,0.86,198.2
SKU-105,Wireless Ergonomic Mouse,Electronics,53,206,205.91,27.49,16.0,5,9,27.75,0.9,186.0
SKU-108,Organic Honeycrisp Apples 1kg,Produce,184,73,75.33,6.64,3.1,10,2,7.11,1.04,83.6
SKU-102,Artisan Sourdough Loaf,Bakery,155,54,57.08,5.51,2.1,10,2,5.31,1.27,78.0
SKU-108,Organic Honeycrisp Apples 1kg,Produce,191,148,147.15,6.92,3.1,25,2,7.28,0.98,199.5
SKU-103,Premium Colombian Coffee 500g,Beverages,123,154,137.42,15.35,7.8,10,6,15.05,1.09,166.4
SKU-108,Organic Honeycrisp Apples 1kg,Produce,40,117,109.88,7.17,3.1,15,3,7.49,0.85,104.0
SKU-105,Wireless Ergonomic Mouse,Electronics,335,36,39.61,28.02,16.0,30,9,28.03,0.89,48.2
SKU-101,Organic Almond Milk 1L,Groceries,22,169,176.8,4.99,2.2,0,2,5.03,1.2,223.3
SKU-110,Dark Chocolate Sea Salt Bark,Snacks,46,24,25.18,9.04,3.4,0,4,9.24,1.01,23.7
SKU-108,Organic Honeycrisp Apples 1kg,Produce,227,243,268.91,6.61,3.1,20,3,7.09,1.11,374.3
SKU-108,Organic Honeycrisp Apples 1kg,Produce,202,69,62.72,5.97,3.1,10,1,5.86,1.05,78.0
SKU-106,Eco Bamboo Paper Towels 6pk,Household,346,89,91.69,12.89,5.2,10,3,12.4,1.08,115.5
SKU-107,Hydrating Facial Cleanser 200ml,Personal Care,143,58,56.38,19.25,6.5,0,4,17.74,1.23,77.4
SKU-108,Organic Honeycrisp Apples 1kg,Produce,43,78,76.1,5.99,3.1,0,2,6.07,0.97,73.7
SKU-108,Organic Honeycrisp Apples 1kg,Produce,42,82,77.99,6.22,3.1,0,3,5.74,0.87,63.7
SKU-110,Dark Chocolate Sea Salt Bark,Snacks,346,202,190.32,8.37,3.4,30,2,9.03,1.3,362.9
SKU-107,Hydrating Facial Cleanser 200ml,Personal Care,21,247,231.09,19.3,6.5,10,4,19.87,0.91,241.2
SKU-110,Dark Chocolate Sea Salt Bark,Snacks,186,198,190.88,7.31,3.4,30,2,7.89,1.15,320.9
SKU-110,Dark Chocolate Sea Salt Bark,Snacks,190,136,135.71,9.18,3.4,20,3,9.21,0.96,177.4
SKU-102,Artisan Sourdough Loaf,Bakery,284,122,118.81,5.8,2.1,5,3,5.38,1.28,174.9
SKU-108,Organic Honeycrisp Apples 1kg,Produce,176,233,246.15,6.3,3.1,0,1,5.8,1.21,269.4
SKU-101,Organic Almond Milk 1L,Groceries,303,29,31.67,4.62,2.2,25,4,4.73,1.12,45.3
SKU-101,Organic Almond Milk 1L,Groceries,87,221,236.78,4.78,2.2,20,3,5.14,1.02,281.3
SKU-105,Wireless Ergonomic Mouse,Electronics,318,222,241.81,27.21,16.0,20,9,25.66,0.96,276.7
SKU-102,Artisan Sourdough Loaf,Bakery,198,207,223.5,6.15,2.1,0,3,5.98,1.01,209.4
SKU-108,Organic Honeycrisp Apples 1kg,Produce,223,207,188.54,6.3,3.1,0,3,6.29,1.02,192.7
SKU-105,Wireless Ergonomic Mouse,Electronics,249,39,43.09,32.15,16.0,0,10,31.32,1.24,47.7
SKU-108,Organic Honeycrisp Apples 1kg,Produce,137,25,27.23,7.42,3.1,30,1,7.83,1.15,42.3
SKU-101,Organic Almond Milk 1L,Groceries,330,91,90.75,4.91,2.2,10,4,4.91,1.08,118.0
SKU-104,Extra Virgin Olive Oil 750ml,Pantry,154,212,225.88,17.71,10.5,0,8,19.06,0.93,210.6
SKU-105,Wireless Ergonomic Mouse,Electronics,313,228,247.55,34.22,16.0,15,9,34.21,1.05,279.0
SKU-101,Organic Almond Milk 1L,Groceries,36,168,162.7,5.01,2.2,5,4,5.48,0.95,166.5
SKU-108,Organic Honeycrisp Apples 1kg,Produce,338,196,212.22,7.08,3.1,10,2,6.68,1.31,285.5
SKU-107,Hydrating Facial Cleanser 200ml,Personal Care,117,44,45.96,17.12,6.5,0,3,17.27,1.18,48.8
SKU-102,Artisan Sourdough Loaf,Bakery,212,202,192.81,6.07,2.1,0,3,5.66,1.09,222.5
SKU-101,Organic Almond Milk 1L,Groceries,11,238,261.29,4.85,2.2,15,3,4.59,1.14,302.6
SKU-106,Eco Bamboo Paper Towels 6pk,Household,309,160,167.77,11.95,5.2,0,5,11.7,1.12,165.9
SKU-106,Eco Bamboo Paper Towels 6pk,Household,47,148,154.73,12.64,5.2,0,4,12.01,1.33,182.9
SKU-106,Eco Bamboo Paper Towels 6pk,Household,275,154,158.31,12.1,5.2,0,5,13.17,1.16,184.0
SKU-104,Extra Virgin Olive Oil 750ml,Pantry,255,144,147.37,20.28,10.5,5,8,18.81,1.07,181.9
SKU-107,Hydrating Facial Cleanser 200ml,Personal Care,277,167,166.17,17.91,6.5,0,4,17.99,0.94,156.8
SKU-102,Artisan Sourdough Loaf,Bakery,81,19,19.7,5.89,2.1,5,3,5.94,1.05,24.2
SKU-106,Eco Bamboo Paper Towels 6pk,Household,221,22,20.72,11.67,5.2,20,4,12.26,1.27,36.5
SKU-108,Organic Honeycrisp Apples 1kg,Produce,278,142,142.48,6.8,3.1,0,3,6.74,1.15,170.4
SKU-107,Hydrating Facial Cleanser 200ml,Personal Care,50,80,81.77,19.17,6.5,0,4,19.79,1.22,102.9
SKU-107,Hydrating Facial Cleanser 200ml,Personal Care,305,163,158.03,17.47,6.5,5,4,16.29,0.97,162.5
SKU-108,Organic Honeycrisp Apples 1kg,Produce,8,151,156.89,6.0,3.1,10,3,5.86,1.28,238.9
SKU-104,Extra Virgin Olive Oil 750ml,Pantry,235,242,239.32,17.74,10.5,0,8,16.86,1.07,275.3
SKU-109,Plant Protein Powder 900g,Health & Nutrition,128,116,109.0,36.89,19.5,15,7,35.05,1.15,163.2
SKU-108,Organic Honeycrisp Apples 1kg,Produce,47,204,208.18,7.25,3.1,0,3,6.82,1.34,271.1
SKU-105,Wireless Ergonomic Mouse,Electronics,206,235,209.02,27.91,16.0,5,10,30.37,0.9,210.2
SKU-102,Artisan Sourdough Loaf,Bakery,184,241,212.37,6.82,2.1,10,1,7.34,0.98,284.6
SKU-107,Hydrating Facial Cleanser 200ml,Personal Care,61,171,156.21,15.42,6.5,0,5,16.14,1.22,213.0
SKU-106,Eco Bamboo Paper Towels 6pk,Household,89,219,202.03,12.33,5.2,20,5,13.44,0.86,224.5
SKU-110,Dark Chocolate Sea Salt Bark,Snacks,329,219,222.71,7.25,3.4,25,3,7.57,1.15,349.8
SKU-109,Plant Protein Powder 900g,Health & Nutrition,264,40,41.52,40.23,19.5,0,7,44.09,1.35,60.6
SKU-105,Wireless Ergonomic Mouse,Electronics,315,148,156.47,33.58,16.0,5,11,32.87,1.07,165.8
SKU-101,Organic Almond Milk 1L,Groceries,136,43,43.46,4.05,2.2,0,2,3.99,1.13,50.7
SKU-109,Plant Protein Powder 900g,Health & Nutrition,266,155,156.7,35.38,19.5,0,8,36.29,1.17,219.0
SKU-108,Organic Honeycrisp Apples 1kg,Produce,89,136,135.32,5.88,3.1,0,3,5.81,1.11,150.1
SKU-104,Extra Virgin Olive Oil 750ml,Pantry,153,157,166.98,20.41,10.5,15,7,22.29,1.26,250.6
SKU-103,Premium Colombian Coffee 500g,Beverages,111,29,32.02,14.81,7.8,0,5,14.92,0.99,30.7
SKU-103,Premium Colombian Coffee 500g,Beverages,67,151,136.13,16.18,7.8,0,6,17.73,0.91,129.7
SKU-107,Hydrating Facial Cleanser 200ml,Personal Care,194,84,89.92,16.08,6.5,25,5,16.02,1.25,146.1
SKU-108,Organic Honeycrisp Apples 1kg,Produce,228,138,125.16,5.85,3.1,10,2,5.92,1.25,181.0
SKU-110,Dark Chocolate Sea Salt Bark,Snacks,236,226,218.05,7.66,3.4,15,2,7.43,1.28,309.6
SKU-109,Plant Protein Powder 900g,Health & Nutrition,168,37,38.1,35.44,19.5,10,6,33.68,1.28,48.1
SKU-105,Wireless Ergonomic Mouse,Electronics,53,165,169.24,31.09,16.0,0,10,30.79,0.88,147.3
SKU-103,Premium Colombian Coffee 500g,Beverages,49,155,161.54,15.15,7.8,5,4,15.91,1.35,234.0
SKU-110,Dark Chocolate Sea Salt Bark,Snacks,83,227,241.85,7.72,3.4,10,3,7.93,1.01,257.0
SKU-109,Plant Protein Powder 900g,Health & Nutrition,209,160,157.79,38.77,19.5,10,7,36.16,0.99,159.1
SKU-110,Dark Chocolate Sea Salt Bark,Snacks,120,93,96.78,9.18,3.4,10,4,9.37,1.07,118.8
SKU-106,Eco Bamboo Paper Towels 6pk,Household,160,147,163.15,10.84,5.2,10,5,10.36,0.9,144.3
SKU-108,Organic Honeycrisp Apples 1kg,Produce,270,201,221.61,6.22,3.1,0,2,5.89,1.22,267.7
SKU-101,Organic Almond Milk 1L,Groceries,179,212,213.07,4.74,2.2,0,3,5.01,1.15,246.2
SKU-102,Artisan Sourdough Loaf,Bakery,212,104,100.16,5.75,2.1,5,3,6.14,1.07,116.4
SKU-107,Hydrating Facial Cleanser 200ml,Personal Care,191,53,56.64,17.73,6.5,10,3,17.56,1.05,69.1
SKU-110,Dark Chocolate Sea Salt Bark,Snacks,58,218,234.01,8.77,3.4,0,3,8.2,0.86,199.5
SKU-103,Premium Colombian Coffee 500g,Beverages,214,96,106.96,15.89,7.8,20,6,15.0,1.01,119.0
SKU-103,Premium Colombian Coffee 500g,Beverages,32,108,98.83,14.87,7.8,0,5,13.75,0.97,103.2
SKU-104,Extra Virgin Olive Oil 750ml,Pantry,26,118,106.83,19.61,10.5,0,6,20.23,0.93,105.7
SKU-102,Artisan Sourdough Loaf,Bakery,46,128,135.81,6.32,2.1,0,2,6.3,0.92,131.2
SKU-103,Premium Colombian Coffee 500g,Beverages,110,56,58.58,15.81,7.8,10,5,15.2,1.16,74.7
SKU-107,Hydrating Facial Cleanser 200ml,Personal Care,290,185,197.97,17.01,6.5,10,3,16.73,1.06,253.8
SKU-105,Wireless Ergonomic Mouse,Electronics,267,105,116.69,28.85,16.0,0,11,28.72,0.98,108.0
SKU-101,Organic Almond Milk 1L,Groceries,194,91,98.3,4.75,2.2,0,3,4.43,0.9,76.5
SKU-105,Wireless Ergonomic Mouse,Electronics,134,213,192.45,30.65,16.0,0,11,29.99,1.09,209.4
SKU-105,Wireless Ergonomic Mouse,Electronics,92,239,217.96,27.76,16.0,10,11,30.25,1.07,247.1
SKU-110,Dark Chocolate Sea Salt Bark,Snacks,83,233,219.19,8.75,3.4,20,2,8.83,1.08,304.2
SKU-103,Premium Colombian Coffee 500g,Beverages,29,39,43.57,15.15,7.8,0,4,14.04,1.21,50.6
SKU-108,Organic Honeycrisp Apples 1kg,Produce,330,39,34.65,6.67,3.1,0,1,6.69,1.34,48.2
SKU-110,Dark Chocolate Sea Salt Bark,Snacks,270,38,39.46,8.72,3.4,0,3,8.06,1.0,39.9
SKU-109,Plant Protein Powder 900g,Health & Nutrition,187,244,253.8,31.58,19.5,0,7,30.54,1.17,274.7
SKU-108,Organic Honeycrisp Apples 1kg,Produce,121,41,40.86,7.33,3.1,5,3,7.56,0.91,42.1
SKU-108,Organic Honeycrisp Apples 1kg,Produce,88,155,139.93,6.45,3.1,10,3,6.39,1.32,215.4
SKU-101,Organic Almond Milk 1L,Groceries,224,166,157.47,4.96,2.2,20,3,5.32,1.12,229.8
SKU-105,Wireless Ergonomic Mouse,Electronics,97,244,258.53,31.17,16.0,0,11,28.98,1.23,328.4
SKU-102,Artisan Sourdough Loaf,Bakery,266,45,47.44,6.62,2.1,0,2,6.69,1.06,49.8
SKU-101,Organic Almond Milk 1L,Groceries,154,134,127.49,4.68,2.2,10,2,5.04,1.29,197.9
SKU-108,Organic Honeycrisp Apples 1kg,Produce,112,72,75.91,7.45,3.1,0,3,7.39,1.18,80.2
SKU-105,Wireless Ergonomic Mouse,Electronics,294,187,192.21,28.4,16.0,0,11,30.13,1.27,259.0
SKU-104,Extra Virgin Olive Oil 750ml,Pantry,254,91,83.33,18.06,10.5,20,6,19.85,1.07,128.0
SKU-108,Organic Honeycrisp Apples 1kg,Produce,127,66,60.26,6.92,3.1,0,3,6.59,1.16,69.9
SKU-103,Premium Colombian Coffee 500g,Beverages,212,30,30.58,15.6,7.8,10,6,16.05,1.15,45.3
SKU-103,Premium Colombian Coffee 500g,Beverages,289,132,118.6,13.71,7.8,0,6,14.55,0.95,106.5
SKU-107,Hydrating Facial Cleanser 200ml,Personal Care,326,187,175.15,16.87,6.5,0,3,17.95,1.35,258.8
SKU-101,Organic Almond Milk 1L,Groceries,260,113,116.69,4.92,2.2,0,4,4.89,1.22,142.3
SKU-103,Premium Colombian Coffee 500g,Beverages,24,21,18.6,16.61,7.8,0,5,16.83,1.24,25.1
SKU-103,Premium Colombian Coffee 500g,Beverages,248,115,125.29,16.65,7.8,0,6,17.72,1.32,157.1
SKU-107,Hydrating Facial Cleanser 200ml,Personal Care,231,131,129.01,18.39,6.5,15,4,17.44,1.23,185.7
SKU-104,Extra Virgin Olive Oil 750ml,Pantry,91,18,17.06,16.86,10.5,0,6,16.35,1.3,23.8
SKU-110,Dark Chocolate Sea Salt Bark,Snacks,53,213,201.15,7.5,3.4,20,4,6.96,1.3,309.7
SKU-104,Extra Virgin Olive Oil 750ml,Pantry,198,89,94.81,17.05,10.5,0,6,17.93,1.33,112.6
SKU-109,Plant Protein Powder 900g,Health & Nutrition,340,131,146.08,32.76,19.5,15,7,31.27,1.08,165.2
SKU-109,Plant Protein Powder 900g,Health & Nutrition,185,58,51.35,37.79,19.5,5,8,35.37,1.13,63.0
SKU-106,Eco Bamboo Paper Towels 6pk,Household,298,143,146.87,10.99,5.2,20,4,10.96,1.32,238.9
SKU-102,Artisan Sourdough Loaf,Bakery,283,37,40.21,6.08,2.1,15,1,5.91,1.11,47.5
SKU-101,Organic Almond Milk 1L,Groceries,48,62,58.41,4.23,2.2,0,4,4.47,0.86,53.2
SKU-106,Eco Bamboo Paper Towels 6pk,Household,27,52,48.95,13.06,5.2,10,4,13.78,0.86,52.5
SKU-101,Organic Almond Milk 1L,Groceries,337,106,113.59,4.46,2.2,5,2,4.42,1.24,141.6
SKU-108,Organic Honeycrisp Apples 1kg,Produce,72,58,52.35,6.42,3.1,15,1,6.23,1.17,76.0
SKU-104,Extra Virgin Olive Oil 750ml,Pantry,53,146,134.3,19.49,10.5,0,6,21.08,1.34,207.6
SKU-101,Organic Almond Milk 1L,Groceries,33,22,21.28,4.86,2.2,20,4,4.75,1.16,31.3
SKU-107,Hydrating Facial Cleanser 200ml,Personal Care,231,242,237.22,19.47,6.5,10,5,20.14,1.34,369.5
SKU-105,Wireless Ergonomic Mouse,Electronics,121,146,146.96,32.38,16.0,20,10,30.25,1.34,243.3
SKU-106,Eco Bamboo Paper Towels 6pk,Household,287,181,172.94,11.69,5.2,20,4,11.72,0.98,213.7
SKU-110,Dark Chocolate Sea Salt Bark,Snacks,160,72,65.31,7.37,3.4,15,4,7.34,1.02,86.9
SKU-106,Eco Bamboo Paper Towels 6pk,Household,117,188,201.82,12.76,5.2,0,4,11.81,1.19,239.4
SKU-108,Organic Honeycrisp Apples 1kg,Produce,226,15,15.65,6.11,3.1,10,1,6.71,0.99,17.7
SKU-106,Eco Bamboo Paper Towels 6pk,Household,277,99,88.75,12.53,5.2,5,4,13.24,1.23,141.1
SKU-102,Artisan Sourdough Loaf,Bakery,303,167,182.0,5.39,2.1,0,3,5.34,1.08,161.8
SKU-104,Extra Virgin Olive Oil 750ml,Pantry,319,19,18.64,16.78,10.5,30,7,15.82,1.0,26.8
SKU-110,Dark Chocolate Sea Salt Bark,Snacks,224,179,193.58,9.15,3.4,10,2,9.34,1.12,212.4
SKU-105,Wireless Ergonomic Mouse,Electronics,30,142,128.25,28.8,16.0,0,10,28.93,1.26,169.6
SKU-109,Plant Protein Powder 900g,Health & Nutrition,122,85,89.96,31.91,19.5,25,7,34.25,1.02,129.3
SKU-103,Premium Colombian Coffee 500g,Beverages,44,77,82.34,15.64,7.8,10,5,15.1,1.15,100.6
SKU-109,Plant Protein Powder 900g,Health & Nutrition,33,228,237.26,38.75,19.5,20,7,39.64,1.2,347.5
SKU-109,Plant Protein Powder 900g,Health & Nutrition,86,95,87.36,32.98,19.5,25,7,32.98,1.2,152.4
SKU-107,Hydrating Facial Cleanser 200ml,Personal Care,344,45,42.13,18.63,6.5,30,5,18.02,1.09,62.9
SKU-106,Eco Bamboo Paper Towels 6pk,Household,119,74,71.55,11.7,5.2,0,5,11.06,1.34,86.6
SKU-101,Organic Almond Milk 1L,Groceries,7,161,159.83,4.54,2.2,5,3,4.66,0.85,143.1
SKU-105,Wireless Ergonomic Mouse,Electronics,287,118,110.03,29.97,16.0,0,10,29.07,0.99,107.1
SKU-105,Wireless Ergonomic Mouse,Electronics,325,96,96.17,33.55,16.0,5,9,35.11,1.08,109.4
SKU-103,Premium Colombian Coffee 500g,Beverages,334,111,121.86,16.17,7.8,10,5,15.78,1.21,143.6
SKU-105,Wireless Ergonomic Mouse,Electronics,93,15,15.49,27.37,16.0,0,9,25.47,1.29,20.2
SKU-104,Extra Virgin Olive Oil 750ml,Pantry,263,101,91.81,18.59,10.5,15,8,17.34,1.01,116.2
SKU-102,Artisan Sourdough Loaf,Bakery,44,172,179.38,5.93,2.1,10,3,5.47,0.92,170.1
SKU-106,Eco Bamboo Paper Towels 6pk,Household,188,43,47.15,10.53,5.2,5,4,9.96,1.2,54.2
SKU-101,Organic Almond Milk 1L,Groceries,230,34,33.18,5.06,2.2,20,3,4.85,1.21,51.1
SKU-102,Artisan Sourdough Loaf,Bakery,160,109,97.95,6.2,2.1,20,3,6.36,1.04,143.7
SKU-109,Plant Protein Powder 900g,Health & Nutrition,181,116,110.96,36.58,19.5,0,7,37.61,1.11,131.6
SKU-105,Wireless Ergonomic Mouse,Electronics,29,224,215.71,28.15,16.0,0,9,29.17,1.02,214.6
SKU-101,Organic Almond Milk 1L,Groceries,242,38,41.17,4.64,2.2,20,4,4.75,1.08,53.1
SKU-108,Organic Honeycrisp Apples 1kg,Produce,60,244,245.87,6.06,3.1,0,1,5.8,1.04,232.4
SKU-102,Artisan Sourdough Loaf,Bakery,113,88,80.55,6.12,2.1,0,2,6.55,1.33,118.3
SKU-109,Plant Protein Powder 900g,Health & Nutrition,58,246,233.51,39.9,19.5,0,8,39.48,1.12,283.2
SKU-101,Organic Almond Milk 1L,Groceries,72,140,128.86,4.32,2.2,20,4,4.25,0.98,162.2
SKU-105,Wireless Ergonomic Mouse,Electronics,286,242,245.35,29.59,16.0,10,9,27.96,0.93,239.1
SKU-104,Extra Virgin Olive Oil 750ml,Pantry,257,109,121.92,20.72,10.5,10,8,21.19,1.08,139.6
SKU-105,Wireless Ergonomic Mouse,Electronics,18,142,132.72,34.22,16.0,25,10,35.93,1.08,199.5
SKU-106,Eco Bamboo Paper Towels 6pk,Household,164,200,181.99,12.62,5.2,0,5,13.6,0.92,183.4
SKU-106,Eco Bamboo Paper Towels 6pk,Household,321,153,148.42,11.16,5.2,0,3,11.8,1.15,182.5
SKU-103,Premium Colombian Coffee 500g,Beverages,283,150,163.16,17.17,7.8,5,4,18.35,1.15,196.3
SKU-108,Organic Honeycrisp Apples 1kg,Produce,15,215,211.86,7.22,3.1,20,3,6.72,0.98,252.0
SKU-107,Hydrating Facial Cleanser 200ml,Personal Care,227,19,18.89,18.21,6.5,15,5,19.02,1.17,25.8
SKU-103,Premium Colombian Coffee 500g,Beverages,5,64,71.03,13.52,7.8,30,5,14.09,0.89,89.3
SKU-103,Premium Colombian Coffee 500g,Beverages,284,188,203.08,16.27,7.8,0,5,17.17,1.26,255.8
SKU-108,Organic Honeycrisp Apples 1kg,Produce,43,108,113.78,6.3,3.1,10,1,5.82,1.02,126.1
SKU-102,Artisan Sourdough Loaf,Bakery,248,16,14.47,6.69,2.1,10,3,6.29,1.25,18.9
SKU-102,Artisan Sourdough Loaf,Bakery,295,81,86.9,6.78,2.1,5,2,7.34,1.14,99.3
SKU-101,Organic Almond Milk 1L,Groceries,253,165,183.97,4.72,2.2,0,4,4.89,0.94,163.5
SKU-104,Extra Virgin Olive Oil 750ml,Pantry,195,161,144.45,19.81,10.5,0,7,20.77,1.25,210.1
SKU-104,Extra Virgin Olive Oil 750ml,Pantry,253,48,51.17,17.91,10.5,5,8,17.39,1.26,62.2
SKU-109,Plant Protein Powder 900g,Health & Nutrition,166,15,15.04,31.9,19.5,0,6,33.41,1.14,15.9
SKU-106,Eco Bamboo Paper Towels 6pk,Household,303,73,77.22,11.25,5.2,0,3,11.08,1.13,88.1
SKU-103,Premium Colombian Coffee 500g,Beverages,199,116,127.41,14.9,7.8,30,6,13.95,0.87,142.6
SKU-109,Plant Protein Powder 900g,Health & Nutrition,49,180,158.59,32.95,19.5,15,7,34.27,0.99,208.2
SKU-109,Plant Protein Powder 900g,Health & Nutrition,154,39,41.64,37.13,19.5,0,6,36.57,1.1,44.2
SKU-102,Artisan Sourdough Loaf,Bakery,298,164,174.66,5.4,2.1,20,2,5.15,1.26,267.5
SKU-106,Eco Bamboo Paper Towels 6pk,Household,259,221,205.92,12.29,5.2,10,3,11.96,0.91,200.8
SKU-106,Eco Bamboo Paper Towels 6pk,Household,25,166,161.82,12.39,5.2,0,3,13.38,1.03,175.8
SKU-105,Wireless Ergonomic Mouse,Electronics,175,176,165.1,33.82,16.0,20,11,35.43,1.06,217.0
SKU-106,Eco Bamboo Paper Towels 6pk,Household,112,139,142.17,10.37,5.2,5,5,11.34,1.19,191.6
SKU-108,Organic Honeycrisp Apples 1kg,Produce,96,45,48.86,6.77,3.1,0,2,6.69,0.91,43.9
SKU-105,Wireless Ergonomic Mouse,Electronics,194,95,100.45,28.66,16.0,10,9,29.31,1.18,131.9
SKU-108,Organic Honeycrisp Apples 1kg,Produce,328,199,212.39,6.58,3.1,0,1,6.41,1.21,255.7
SKU-102,Artisan Sourdough Loaf,Bakery,188,128,135.6,6.1,2.1,0,2,6.66,0.97,142.6
SKU-106,Eco Bamboo Paper Towels 6pk,Household,100,100,93.41,10.9,5.2,0,5,11.25,1.01,107.8
SKU-105,Wireless Ergonomic Mouse,Electronics,105,138,151.46,28.22,16.0,10,9,30.08,1.31,228.4
SKU-109,Plant Protein Powder 900g,Health & Nutrition,109,177,185.08,39.63,19.5,5,8,38.1,1.06,197.4
SKU-102,Artisan Sourdough Loaf,Bakery,193,71,71.01,6.41,2.1,0,3,6.21,1.23,85.2
SKU-103,Premium Colombian Coffee 500g,Beverages,299,53,52.31,14.27,7.8,0,4,15.3,1.25,62.7
SKU-106,Eco Bamboo Paper Towels 6pk,Household,94,40,41.31,11.77,5.2,5,5,12.85,1.13,56.5
SKU-107,Hydrating Facial Cleanser 200ml,Personal Care,336,65,57.4,15.35,6.5,20,4,16.14,1.32,95.5
SKU-105,Wireless Ergonomic Mouse,Electronics,163,238,264.68,29.94,16.0,20,9,31.71,0.97,318.1
SKU-109,Plant Protein Powder 900g,Health & Nutrition,115,211,225.4,34.79,19.5,10,7,37.05,0.96,244.8
SKU-102,Artisan Sourdough Loaf,Bakery,315,135,144.99,5.77,2.1,0,2,5.73,0.85,117.7
SKU-109,Plant Protein Powder 900g,Health & Nutrition,100,193,187.06,34.92,19.5,15,7,37.9,1.07,258.5
SKU-101,Organic Almond Milk 1L,Groceries,307,200,188.05,4.67,2.2,0,4,4.85,1.3,265.7
SKU-105,Wireless Ergonomic Mouse,Electronics,199,23,21.21,33.49,16.0,0,10,36.54,1.21,29.2
SKU-105,Wireless Ergonomic Mouse,Electronics,143,136,144.45,29.11,16.0,0,9,31.47,1.27,190.8
SKU-104,Extra Virgin Olive Oil 750ml,Pantry,224,131,121.72,19.38,10.5,0,6,18.99,0.87,113.3
SKU-104,Extra Virgin Olive Oil 750ml,Pantry,244,84,91.65,18.78,10.5,0,6,20.07,1.02,95.3
SKU-103,Premium Colombian Coffee 500g,Beverages,269,136,134.8,13.66,7.8,0,4,14.86,0.91,137.4
SKU-109,Plant Protein Powder 900g,Health & Nutrition,109,153,136.89,34.66,19.5,15,6,33.14,1.0,176.0
SKU-109,Plant Protein Powder 900g,Health & Nutrition,48,214,210.03,34.14,19.5,0,6,35.79,0.99,200.1
SKU-106,Eco Bamboo Paper Towels 6pk,Household,265,110,102.62,12.53,5.2,5,3,11.87,1.06,104.7
SKU-110,Dark Chocolate Sea Salt Bark,Snacks,182,128,123.75,9.09,3.4,10,3,8.58,0.9,124.5
SKU-109,Plant Protein Powder 900g,Health & Nutrition,322,55,61.24,35.42,19.5,0,6,33.74,1.08,64.7
SKU-109,Plant Protein Powder 900g,Health & Nutrition,246,79,84.82,33.2,19.5,0,7,32.55,1.28,108.9
SKU-107,Hydrating Facial Cleanser 200ml,Personal Care,274,144,137.5,17.34,6.5,5,5,17.16,0.86,129.8
SKU-101,Organic Almond Milk 1L,Groceries,191,243,239.36,4.3,2.2,15,3,4.59,1.12,321.7
SKU-105,Wireless Ergonomic Mouse,Electronics,83,133,139.97,33.46,16.0,0,9,35.6,1.33,187.9
SKU-104,Extra Virgin Olive Oil 750ml,Pantry,202,161,153.91,20.43,10.5,5,8,19.06,1.16,190.5
SKU-107,Hydrating Facial Cleanser 200ml,Personal Care,71,227,200.42,18.15,6.5,0,5,18.49,1.05,238.4
SKU-105,Wireless Ergonomic Mouse,Electronics,119,187,182.72,27.5,16.0,15,10,26.71,1.19,254.0
SKU-102,Artisan Sourdough Loaf,Bakery,149,63,61.21,6.86,2.1,15,1,7.22,0.95,69.5
SKU-108,Organic Honeycrisp Apples 1kg,Produce,193,79,77.71,7.43,3.1,0,2,7.53,0.9,72.2
SKU-109,Plant Protein Powder 900g,Health & Nutrition,183,188,197.23,35.19,19.5,0,6,34.89,1.15,229.4
SKU-108,Organic Honeycrisp Apples 1kg,Produce,153,169,188.0,6.82,3.1,0,3,6.37,0.88,163.1
SKU-104,Extra Virgin Olive Oil 750ml,Pantry,199,155,159.6,19.65,10.5,0,6,18.13,1.04,175.8
SKU-106,Eco Bamboo Paper Towels 6pk,Household,216,88,83.17,12.06,5.2,20,5,13.15,1.07,115.1
SKU-106,Eco Bamboo Paper Towels 6pk,Household,10,235,207.18,12.56,5.2,10,4,12.4,1.05,236.7
SKU-104,Extra Virgin Olive Oil 750ml,Pantry,40,235,219.24,20.01,10.5,10,8,21.07,1.34,360.6
SKU-102,Artisan Sourdough Loaf,Bakery,154,189,181.15,6.72,2.1,0,1,7.16,0.98,207.2
SKU-109,Plant Protein Powder 900g,Health & Nutrition,9,172,180.29,33.28,19.5,10,6,35.52,1.22,266.0
SKU-101,Organic Almond Milk 1L,Groceries,210,65,61.42,4.32,2.2,0,2,4.33,0.96,54.8
SKU-107,Hydrating Facial Cleanser 200ml,Personal Care,182,212,227.52,18.79,6.5,25,5,19.13,1.05,326.4
SKU-107,Hydrating Facial Cleanser 200ml,Personal Care,120,188,188.97,15.58,6.5,0,5,16.92,1.25,238.4
SKU-110,Dark Chocolate Sea Salt Bark,Snacks,149,73,76.6,8.05,3.4,5,3,8.35,1.24,107.2
SKU-106,Eco Bamboo Paper Towels 6pk,Household,324,199,203.72,10.92,5.2,10,3,10.85,1.1,249.4
SKU-106,Eco Bamboo Paper Towels 6pk,Household,262,168,158.33,10.8,5.2,0,5,10.07,1.32,205.3
SKU-103,Premium Colombian Coffee 500g,Beverages,189,206,215.15,13.9,7.8,0,4,13.56,1.11,211.5
SKU-104,Extra Virgin Olive Oil 750ml,Pantry,179,220,237.32,17.65,10.5,20,8,18.74,1.03,274.8
SKU-107,Hydrating Facial Cleanser 200ml,Personal Care,301,69,66.0,19.13,6.5,0,3,20.45,0.95,70.1
SKU-107,Hydrating Facial Cleanser 200ml,Personal Care,244,123,120.48,15.35,6.5,0,3,15.39,0.94,118.1
SKU-107,Hydrating Facial Cleanser 200ml,Personal Care,33,115,121.64,18.96,6.5,5,5,20.14,0.93,116.8
SKU-110,Dark Chocolate Sea Salt Bark,Snacks,139,164,167.23,7.43,3.4,0,2,7.25,0.88,147.5
SKU-103,Premium Colombian Coffee 500g,Beverages,191,93,98.57,15.63,7.8,30,5,15.55,1.06,148.9
SKU-101,Organic Almond Milk 1L,Groceries,213,62,59.43,4.65,2.2,10,2,4.3,0.91,63.6
SKU-107,Hydrating Facial Cleanser 200ml,Personal Care,333,48,50.21,16.17,6.5,0,3,17.48,1.24,64.9
SKU-109,Plant Protein Powder 900g,Health & Nutrition,245,173,169.19,39.24,19.5,0,7,41.15,1.22,230.9
SKU-108,Organic Honeycrisp Apples 1kg,Produce,181,211,227.28,7.21,3.1,5,2,7.07,1.12,249.5
SKU-103,Premium Colombian Coffee 500g,Beverages,307,18,17.61,15.92,7.8,0,6,15.45,0.88,16.7
SKU-109,Plant Protein Powder 900g,Health & Nutrition,154,189,204.78,36.26,19.5,30,7,36.3,1.25,317.1
SKU-106,Eco Bamboo Paper Towels 6pk,Household,249,186,190.84,12.37,5.2,0,3,12.2,1.18,211.3
SKU-102,Artisan Sourdough Loaf,Bakery,205,170,169.35,5.4,2.1,20,1,5.72,0.87,204.6
SKU-107,Hydrating Facial Cleanser 200ml,Personal Care,72,174,184.8,15.35,6.5,0,3,16.09,0.93,147.0
SKU-106,Eco Bamboo Paper Towels 6pk,Household,223,191,209.71,12.52,5.2,10,5,12.99,1.14,255.1
SKU-106,Eco Bamboo Paper Towels 6pk,Household,179,105,107.23,10.87,5.2,10,5,11.69,1.3,147.1
SKU-101,Organic Almond Milk 1L,Groceries,243,152,138.64,4.54,2.2,5,3,4.96,0.99,160.7
SKU-101,Organic Almond Milk 1L,Groceries,233,139,149.87,4.56,2.2,0,2,4.73,0.98,142.4
SKU-104,Extra Virgin Olive Oil 750ml,Pantry,15,123,137.27,20.29,10.5,15,7,21.4,1.07,162.8
SKU-105,Wireless Ergonomic Mouse,Electronics,348,163,177.01,32.87,16.0,5,9,31.43,1.3,233.6
SKU-106,Eco Bamboo Paper Towels 6pk,Household,117,37,39.2,12.68,5.2,15,3,13.87,1.35,65.6
SKU-110,Dark Chocolate Sea Salt Bark,Snacks,129,16,15.87,8.33,3.4,0,2,8.14,0.86,14.2
SKU-103,Premium Colombian Coffee 500g,Beverages,220,110,97.16,13.79,7.8,0,4,12.73,1.23,127.4
SKU-103,Premium Colombian Coffee 500g,Beverages,157,235,230.2,15.0,7.8,0,5,13.99,1.23,296.2
SKU-110,Dark Chocolate Sea Salt Bark,Snacks,187,47,47.89,8.33,3.4,20,4,8.23,1.02,61.9
SKU-109,Plant Protein Powder 900g,Health & Nutrition,222,133,147.34,38.78,19.5,0,6,41.71,1.31,197.9
SKU-107,Hydrating Facial Cleanser 200ml,Personal Care,66,177,185.37,18.05,6.5,0,3,17.11,1.15,197.7
SKU-101,Organic Almond Milk 1L,Groceries,161,211,194.28,4.06,2.2,15,2,4.18,1.08,291.9
SKU-104,Extra Virgin Olive Oil 750ml,Pantry,226,240,242.07,18.91,10.5,5,7,17.92,1.27,318.7
SKU-108,Organic Honeycrisp Apples 1kg,Produce,232,154,161.49,5.95,3.1,0,1,6.45,1.29,206.4
SKU-107,Hydrating Facial Cleanser 200ml,Personal Care,74,132,147.09,18.19,6.5,0,3,19.35,0.91,134.6
SKU-107,Hydrating Facial Cleanser 200ml,Personal Care,286,160,176.93,18.59,6.5,0,4,18.27,1.34,208.2
SKU-110,Dark Chocolate Sea Salt Bark,Snacks,24,235,211.6,7.96,3.4,0,4,7.63,1.09,259.2
SKU-105,Wireless Ergonomic Mouse,Electronics,80,193,214.67,30.29,16.0,0,11,32.22,1.17,205.8
SKU-108,Organic Honeycrisp Apples 1kg,Produce,314,45,42.37,6.42,3.1,10,2,5.98,0.94,46.9
SKU-105,Wireless Ergonomic Mouse,Electronics,157,127,135.55,29.27,16.0,0,11,26.94,1.29,176.8
SKU-110,Dark Chocolate Sea Salt Bark,Snacks,273,208,185.88,8.03,3.4,5,4,8.44,1.18,247.6
SKU-107,Hydrating Facial Cleanser 200ml,Personal Care,231,212,236.9,19.07,6.5,0,5,18.21,1.09,248.5
SKU-106,Eco Bamboo Paper Towels 6pk,Household,48,211,203.98,12.81,5.2,5,3,12.54,1.23,272.1
SKU-109,Plant Protein Powder 900g,Health & Nutrition,53,135,146.98,35.01,19.5,30,7,38.08,1.18,220.3
SKU-106,Eco Bamboo Paper Towels 6pk,Household,203,215,197.73,12.79,5.2,5,5,12.7,1.15,221.1
SKU-106,Eco Bamboo Paper Towels 6pk,Household,121,103,110.36,11.4,5.2,0,3,11.63,1.14,128.7
SKU-104,Extra Virgin Olive Oil 750ml,Pantry,220,173,161.4,17.66,10.5,20,8,17.04,1.23,244.4
SKU-104,Extra Virgin Olive Oil 750ml,Pantry,332,191,175.05,18.77,10.5,0,8,17.59,0.97,175.4
SKU-107,Hydrating Facial Cleanser 200ml,Personal Care,247,83,77.17,16.3,6.5,25,4,16.37,1.24,142.4
SKU-101,Organic Almond Milk 1L,Groceries,75,180,198.8,4.46,2.2,15,2,4.49,0.87,199.6
SKU-107,Hydrating Facial Cleanser 200ml,Personal Care,17,166,155.11,18.14,6.5,5,4,19.21,0.88,134.9
SKU-106,Eco Bamboo Paper Towels 6pk,Household,320,249,266.69,12.51,5.2,0,4,12.27,1.24,347.4
SKU-108,Organic Honeycrisp Apples 1kg,Produce,229,81,74.65,6.46,3.1,20,1,6.4,1.13,111.5
SKU-105,Wireless Ergonomic Mouse,Electronics,272,147,162.14,29.89,16.0,0,9,27.6,1.11,150.0
SKU-103,Premium Colombian Coffee 500g,Beverages,215,113,107.37,14.74,7.8,0,4,13.67,0.98,97.6
SKU-102,Artisan Sourdough Loaf,Bakery,238,160,163.83,6.15,2.1,0,3,6.67,1.08,193.6
SKU-101,Organic Almond Milk 1L,Groceries,35,180,185.3,5.15,2.2,0,2,5.05,1.27,229.5
SKU-108,Organic Honeycrisp Apples 1kg,Produce,338,235,232.34,6.16,3.1,0,1,5.93,0.93,216.9
SKU-109,Plant Protein Powder 900g,Health & Nutrition,106,229,211.93,31.53,19.5,0,8,34.14,0.94,214.1
SKU-109,Plant Protein Powder 900g,Health & Nutrition,108,170,166.38,35.01,19.5,20,6,37.85,1.0,236.4
SKU-101,Organic Almond Milk 1L,Groceries,172,118,124.51,5.1,2.2,10,4,5.48,0.94,133.4
SKU-110,Dark Chocolate Sea Salt Bark,Snacks,20,85,86.96,8.06,3.4,0,3,7.58,1.03,82.2
SKU-107,Hydrating Facial Cleanser 200ml,Personal Care,198,169,186.5,18.78,6.5,10,3,19.5,1.06,221.9
SKU-110,Dark Chocolate Sea Salt Bark,Snacks,275,150,148.7,7.43,3.4,30,3,7.12,1.3,253.1
SKU-108,Organic Honeycrisp Apples 1kg,Produce,198,22,22.84,6.7,3.1,0,1,6.37,1.22,25.9
SKU-109,Plant Protein Powder 900g,Health & Nutrition,162,22,23.49,33.59,19.5,0,7,31.6,1.2,24.0
SKU-108,Organic Honeycrisp Apples 1kg,Produce,169,247,251.41,6.06,3.1,10,1,6.55,1.26,334.2
SKU-101,Organic Almond Milk 1L,Groceries,68,92,85.58,4.14,2.2,5,4,4.17,1.13,98.1
SKU-108,Organic Honeycrisp Apples 1kg,Produce,239,204,219.84,6.47,3.1,5,1,6.31,0.86,187.3
SKU-102,Artisan Sourdough Loaf,Bakery,325,22,21.87,6.0,2.1,0,3,6.23,1.02,21.7
SKU-107,Hydrating Facial Cleanser 200ml,Personal Care,84,113,102.6,17.89,6.5,25,4,18.59,1.17,174.3
SKU-108,Organic Honeycrisp Apples 1kg,Produce,190,90,88.66,7.3,3.1,30,2,7.3,1.12,140.5
SKU-105,Wireless Ergonomic Mouse,Electronics,80,31,30.22,28.35,16.0,0,11,30.3,0.93,32.7
SKU-103,Premium Colombian Coffee 500g,Beverages,321,69,69.04,16.23,7.8,30,4,15.58,1.32,125.3
SKU-110,Dark Chocolate Sea Salt Bark,Snacks,257,89,84.42,7.37,3.4,0,3,6.84,1.06,87.8
SKU-105,Wireless Ergonomic Mouse,Electronics,296,16,17.7,28.77,16.0,0,11,30.45,0.98,17.1
SKU-108,Organic Honeycrisp Apples 1kg,Produce,7,143,135.26,7.3,3.1,0,1,7.88,0.99,156.4
SKU-105,Wireless Ergonomic Mouse,Electronics,346,216,232.61,30.29,16.0,0,9,29.95,0.98,208.1
SKU-103,Premium Colombian Coffee 500g,Beverages,219,249,230.54,15.21,7.8,5,5,14.83,0.94,227.0
SKU-107,Hydrating Facial Cleanser 200ml,Personal Care,243,113,103.79,16.02,6.5,5,5,16.92,1.21,134.4
SKU-107,Hydrating Facial Cleanser 200ml,Personal Care,293,204,182.09,15.97,6.5,0,3,14.91,0.86,167.7
SKU-109,Plant Protein Powder 900g,Health & Nutrition,331,113,100.81,31.84,19.5,10,7,31.54,1.22,143.3
SKU-109,Plant Protein Powder 900g,Health & Nutrition,26,200,190.71,31.84,19.5,10,6,31.57,0.85,212.3
SKU-108,Organic Honeycrisp Apples 1kg,Produce,81,227,220.17,6.73,3.1,0,3,6.71,0.93,224.5
SKU-101,Organic Almond Milk 1L,Groceries,104,68,73.18,5.09,2.2,0,3,5.1,1.16,76.8
SKU-107,Hydrating Facial Cleanser 200ml,Personal Care,79,27,26.95,17.17,6.5,0,5,17.02,1.13,28.1
SKU-105,Wireless Ergonomic Mouse,Electronics,239,204,216.74,28.14,16.0,0,11,27.25,1.05,236.8
SKU-106,Eco Bamboo Paper Towels 6pk,Household,306,76,83.04,12.91,5.2,0,3,12.41,1.17,85.9
SKU-109,Plant Protein Powder 900g,Health & Nutrition,236,48,48.53,32.41,19.5,0,6,33.65,1.03,49.4
SKU-110,Dark Chocolate Sea Salt Bark,Snacks,303,119,119.13,7.43,3.4,0,2,7.31,1.14,133.1
SKU-103,Premium Colombian Coffee 500g,Beverages,227,246,261.82,15.12,7.8,5,5,15.59,1.1,296.2
SKU-108,Organic Honeycrisp Apples 1kg,Produce,174,208,210.81,7.11,3.1,0,1,7.59,1.09,229.5
SKU-101,Organic Almond Milk 1L,Groceries,342,168,179.33,4.93,2.2,10,2,4.99,0.91,185.5
SKU-103,Premium Colombian Coffee 500g,Beverages,54,173,176.91,15.75,7.8,10,6,16.12,1.04,210.1
SKU-110,Dark Chocolate Sea Salt Bark,Snacks,78,177,165.67,8.44,3.4,15,3,8.1,1.18,240.4
SKU-109,Plant Protein Powder 900g,Health & Nutrition,33,249,230.08,36.69,19.5,5,8,34.59,0.86,204.8
SKU-102,Artisan Sourdough Loaf,Bakery,234,212,211.12,6.56,2.1,10,3,6.89,1.0,244.0
SKU-107,Hydrating Facial Cleanser 200ml,Personal Care,54,132,118.36,15.67,6.5,10,5,15.38,1.05,155.2
SKU-104,Extra Virgin Olive Oil 750ml,Pantry,216,247,260.45,20.28,10.5,30,7,20.87,1.27,409.2
SKU-105,Wireless Ergonomic Mouse,Electronics,197,170,175.46,31.44,16.0,0,10,33.05,1.18,214.2
SKU-107,Hydrating Facial Cleanser 200ml,Personal Care,143,44,47.31,19.22,6.5,5,4,19.41,0.9,45.6
SKU-101,Organic Almond Milk 1L,Groceries,200,18,17.23,4.66,2.2,0,3,4.36,1.33,23.8
SKU-109,Plant Protein Powder 900g,Health & Nutrition,37,144,154.79,34.85,19.5,10,6,38.26,0.97,161.1
SKU-107,Hydrating Facial Cleanser 200ml,Personal Care,115,247,243.69,17.55,6.5,20,5,19.29,1.08,338.5
SKU-105,Wireless Ergonomic Mouse,Electronics,259,86,83.99,32.03,16.0,10,9,31.29,1.03,92.2
SKU-104,Extra Virgin Olive Oil 750ml,Pantry,237,179,189.89,20.69,10.5,5,7,21.75,1.24,250.7
SKU-109,Plant Protein Powder 900g,Health & Nutrition,102,81,79.89,36.89,19.5,20,8,35.24,1.11,101.9
SKU-109,Plant Protein Powder 900g,Health & Nutrition,107,35,31.28,32.41,19.5,10,8,32.99,0.87,30.9
SKU-106,Eco Bamboo Paper Towels 6pk,Household,192,137,129.5,11.49,5.2,10,4,11.92,1.34,195.0
SKU-103,Premium Colombian Coffee 500g,Beverages,338,229,202.67,14.67,7.8,0,6,15.52,1.0,239.8
SKU-104,Extra Virgin Olive Oil 750ml,Pantry,114,108,114.64,18.75,10.5,5,6,20.4,1.25,135.2
SKU-109,Plant Protein Powder 900g,Health & Nutrition,44,29,27.88,35.92,19.5,0,7,37.3,0.9,27.6
SKU-104,Extra Virgin Olive Oil 750ml,Pantry,162,109,98.93,20.74,10.5,5,6,20.53,1.16,120.6
SKU-109,Plant Protein Powder 900g,Health & Nutrition,43,236,244.43,39.84,19.5,0,6,40.08,1.11,230.6
SKU-104,Extra Virgin Olive Oil 750ml,Pantry,195,84,77.2,19.77,10.5,0,8,20.39,0.88,76.9
SKU-103,Premium Colombian Coffee 500g,Beverages,64,42,39.52,14.6,7.8,5,6,15.21,0.92,41.2
SKU-103,Premium Colombian Coffee 500g,Beverages,178,50,49.19,15.72,7.8,0,6,17.12,1.08,53.7
SKU-102,Artisan Sourdough Loaf,Bakery,345,163,175.86,6.56,2.1,0,2,7.15,1.01,166.0
SKU-110,Dark Chocolate Sea Salt Bark,Snacks,8,56,58.98,7.27,3.4,5,2,7.36,1.35,84.6
SKU-107,Hydrating Facial Cleanser 200ml,Personal Care,13,245,220.66,18.75,6.5,0,3,17.7,1.16,286.5
SKU-106,Eco Bamboo Paper Towels 6pk,Household,157,44,40.72,11.66,5.2,15,3,12.63,0.95,47.6
SKU-102,Artisan Sourdough Loaf,Bakery,90,202,204.65,6.63,2.1,10,2,7.04,0.86,190.3
SKU-107,Hydrating Facial Cleanser 200ml,Personal Care,268,157,146.47,17.95,6.5,10,4,17.11,1.15,174.0
SKU-107,Hydrating Facial Cleanser 200ml,Personal Care,22,102,105.07,15.34,6.5,0,4,16.16,1.04,110.8
SKU-106,Eco Bamboo Paper Towels 6pk,Household,29,135,134.46,11.44,5.2,20,3,10.82,0.88,158.4
SKU-109,Plant Protein Powder 900g,Health & Nutrition,186,146,162.11,31.92,19.5,0,7,29.62,1.3,213.6
SKU-101,Organic Almond Milk 1L,Groceries,47,92,93.97,4.55,2.2,5,3,4.95,0.91,83.6
SKU-109,Plant Protein Powder 900g,Health & Nutrition,31,28,29.28,37.87,19.5,0,6,41.17,1.13,33.7
SKU-109,Plant Protein Powder 900g,Health & Nutrition,346,28,26.87,38.19,19.5,5,7,39.62,0.86,26.3
SKU-107,Hydrating Facial Cleanser 200ml,Personal Care,43,107,100.24,15.7,6.5,0,5,16.7,1.14,122.7
SKU-102,Artisan Sourdough Loaf,Bakery,82,162,167.73,6.65,2.1,0,3,6.94,1.27,193.2
SKU-107,Hydrating Facial Cleanser 200ml,Personal Care,185,158,139.67,16.12,6.5,20,3,15.62,1.04,172.4
SKU-104,Extra Virgin Olive Oil 750ml,Pantry,184,218,194.96,19.85,10.5,0,8,19.75,1.05,206.1
SKU-108,Organic Honeycrisp Apples 1kg,Produce,109,52,57.61,7.27,3.1,25,2,7.99,1.03,84.1
SKU-107,Hydrating Facial Cleanser 200ml,Personal Care,73,128,125.49,16.81,6.5,10,4,17.21,1.18,158.1
SKU-108,Organic Honeycrisp Apples 1kg,Produce,261,189,167.46,6.42,3.1,15,3,6.56,1.02,209.3
SKU-109,Plant Protein Powder 900g,Health & Nutrition,26,202,213.39,36.83,19.5,5,7,34.77,1.31,263.1
SKU-110,Dark Chocolate Sea Salt Bark,Snacks,49,16,15.99,7.76,3.4,15,4,7.17,0.9,16.9
SKU-105,Wireless Ergonomic Mouse,Electronics,226,125,112.74,31.68,16.0,10,10,31.47,0.98,130.5
SKU-102,Artisan Sourdough Loaf,Bakery,117,224,229.21,6.6,2.1,5,1,6.96,0.98,214.0
SKU-101,Organic Almond Milk 1L,Groceries,28,78,72.36,4.32,2.2,0,4,4.41,1.14,85.1
SKU-110,Dark Chocolate Sea Salt Bark,Snacks,229,196,206.11,8.35,3.4,0,2,8.22,0.86,174.9
SKU-109,Plant Protein Powder 900g,Health & Nutrition,199,87,82.69,33.82,19.5,0,7,34.51,1.08,100.0
SKU-104,Extra Virgin Olive Oil 750ml,Pantry,52,249,262.16,17.98,10.5,20,8,16.7,0.88,287.6
SKU-103,Premium Colombian Coffee 500g,Beverages,112,227,201.1,14.28,7.8,5,5,14.05,1.23,256.8
SKU-108,Organic Honeycrisp Apples 1kg,Produce,338,203,182.72,6.47,3.1,0,1,6.98,1.2,236.1
SKU-107,Hydrating Facial Cleanser 200ml,Personal Care,55,45,46.85,18.39,6.5,10,5,17.6,1.03,49.5
SKU-105,Wireless Ergonomic Mouse,Electronics,264,69,67.43,29.01,16.0,0,10,30.78,1.04,68.6
SKU-107,Hydrating Facial Cleanser 200ml,Personal Care,172,194,177.39,18.08,6.5,10,4,16.72,0.88,174.5
SKU-104,Extra Virgin Olive Oil 750ml,Pantry,38,129,130.42,20.93,10.5,20,7,22.21,1.31,210.8
SKU-106,Eco Bamboo Paper Towels 6pk,Household,26,175,167.93,11.78,5.2,10,3,11.92,1.0,183.4
SKU-106,Eco Bamboo Paper Towels 6pk,Household,345,170,180.27,12.67,5.2,25,3,12.37,1.25,280.7
SKU-108,Organic Honeycrisp Apples 1kg,Produce,80,174,163.66,7.26,3.1,0,1,6.75,1.33,225.9
SKU-101,Organic Almond Milk 1L,Groceries,326,59,62.12,4.61,2.2,10,3,4.62,1.34,95.4
SKU-103,Premium Colombian Coffee 500g,Beverages,110,212,220.7,16.1,7.8,0,4,17.36,1.16,250.8
SKU-102,Artisan Sourdough Loaf,Bakery,8,163,154.02,5.76,2.1,25,2,5.61,0.92,187.8
SKU-101,Organic Almond Milk 1L,Groceries,308,67,59.86,4.33,2.2,5,4,4.12,1.07,84.7
SKU-106,Eco Bamboo Paper Towels 6pk,Household,150,29,28.28,11.7,5.2,5,5,12.59,1.06,37.8
SKU-105,Wireless Ergonomic Mouse,Electronics,326,207,226.63,33.39,16.0,10,11,31.54,0.87,218.1
SKU-101,Organic Almond Milk 1L,Groceries,80,248,244.15,5.07,2.2,0,3,4.71,1.06,265.0
SKU-109,Plant Protein Powder 900g,Health & Nutrition,254,145,145.45,33.95,19.5,20,6,35.83,0.88,161.5
SKU-108,Organic Honeycrisp Apples 1kg,Produce,17,87,81.62,5.96,3.1,15,3,6.25,0.91,97.0
SKU-106,Eco Bamboo Paper Towels 6pk,Household,259,40,37.43,12.5,5.2,0,5,12.91,1.08,45.2
SKU-101,Organic Almond Milk 1L,Groceries,115,217,236.06,4.05,2.2,15,2,4.06,1.25,342.1
SKU-107,Hydrating Facial Cleanser 200ml,Personal Care,189,192,180.42,17.58,6.5,30,3,18.89,0.98,257.1
SKU-110,Dark Chocolate Sea Salt Bark,Snacks,52,70,75.36,7.86,3.4,20,3,7.23,1.33,120.8
SKU-107,Hydrating Facial Cleanser 200ml,Personal Care,283,58,58.77,16.53,6.5,5,5,16.33,1.34,83.4
SKU-101,Organic Almond Milk 1L,Groceries,320,239,213.77,4.38,2.2,0,3,4.28,1.27,316.9
SKU-103,Premium Colombian Coffee 500g,Beverages,31,164,149.19,13.76,7.8,25,5,13.13,1.12,224.7
SKU-106,Eco Bamboo Paper Towels 6pk,Household,343,18,18.05,12.55,5.2,25,4,13.6,1.25,31.1
SKU-105,Wireless Ergonomic Mouse,Electronics,246,81,76.9,29.82,16.0,0,9,30.36,1.15,90.7
SKU-106,Eco Bamboo Paper Towels 6pk,Household,147,168,164.42,12.25,5.2,0,3,12.16,1.04,158.6
SKU-107,Hydrating Facial Cleanser 200ml,Personal Care,44,238,221.43,16.4,6.5,30,4,17.26,1.28,421.9
SKU-110,Dark Chocolate Sea Salt Bark,Snacks,223,40,44.62,7.95,3.4,15,2,7.8,1.16,63.0
SKU-101,Organic Almond Milk 1L,Groceries,198,235,258.56,5.04,2.2,10,2,5.37,1.26,364.9
SKU-110,Dark Chocolate Sea Salt Bark,Snacks,231,49,50.13,8.82,3.4,0,4,8.32,1.33,64.9
SKU-103,Premium Colombian Coffee 500g,Beverages,167,166,170.02,16.1,7.8,0,5,17.2,0.95,141.5
SKU-102,Artisan Sourdough Loaf,Bakery,255,222,213.63,6.42,2.1,0,2,6.7,1.28,276.5
SKU-105,Wireless Ergonomic Mouse,Electronics,142,105,94.43,28.09,16.0,0,10,26.3,1.27,129.7
SKU-104,Extra Virgin Olive Oil 750ml,Pantry,102,232,213.16,21.12,10.5,0,7,22.25,1.07,237.3
SKU-110,Dark Chocolate Sea Salt Bark,Snacks,44,140,129.77,7.52,3.4,25,3,7.36,1.3,229.6
SKU-108,Organic Honeycrisp Apples 1kg,Produce,35,155,169.17,5.92,3.1,0,2,5.94,1.29,205.4
SKU-110,Dark Chocolate Sea Salt Bark,Snacks,195,114,109.68,9.11,3.4,5,4,9.18,1.31,150.2
SKU-108,Organic Honeycrisp Apples 1kg,Produce,122,95,93.49,7.22,3.1,0,2,7.67,1.15,99.9
SKU-104,Extra Virgin Olive Oil 750ml,Pantry,165,204,220.89,18.48,10.5,0,8,18.34,1.14,233.9
SKU-107,Hydrating Facial Cleanser 200ml,Personal Care,41,191,193.09,16.16,6.5,0,4,17.04,1.04,233.2
SKU-104,Extra Virgin Olive Oil 750ml,Pantry,91,183,203.08,18.63,10.5,5,7,20.15,1.2,235.4
SKU-104,Extra Virgin Olive Oil 750ml,Pantry,256,27,23.9,18.31,10.5,0,8,18.12,0.93,23.6
SKU-103,Premium Colombian Coffee 500g,Beverages,176,130,136.27,16.7,7.8,5,5,16.29,1.11,157.0
SKU-105,Wireless Ergonomic Mouse,Electronics,127,107,106.32,33.4,16.0,0,9,35.96,0.89,104.7
SKU-105,Wireless Ergonomic Mouse,Electronics,103,57,56.05,28.23,16.0,15,9,28.69,0.92,67.9
SKU-109,Plant Protein Powder 900g,Health & Nutrition,71,146,158.54,37.32,19.5,5,8,40.74,1.2,200.7
SKU-107,Hydrating Facial Cleanser 200ml,Personal Care,24,75,66.95,18.38,6.5,0,3,17.91,1.09,79.9
SKU-105,Wireless Ergonomic Mouse,Electronics,118,160,178.04,32.45,16.0,25,11,34.31,0.94,200.8
SKU-109,Plant Protein Powder 900g,Health & Nutrition,93,156,155.62,36.12,19.5,0,8,36.61,1.26,191.0
SKU-106,Eco Bamboo Paper Towels 6pk,Household,118,191,204.99,10.73,5.2,0,3,11.6,1.1,242.0
SKU-106,Eco Bamboo Paper Towels 6pk,Household,260,211,229.36,11.25,5.2,20,5,10.43,1.13,281.1
SKU-108,Organic Honeycrisp Apples 1kg,Produce,41,94,86.77,6.3,3.1,5,3,6.34,0.89,85.7
SKU-110,Dark Chocolate Sea Salt Bark,Snacks,143,60,60.07,8.73,3.4,0,2,8.94,1.25,67.2
SKU-107,Hydrating Facial Cleanser 200ml,Personal Care,124,117,126.66,16.41,6.5,5,3,15.22,1.28,146.5
SKU-102,Artisan Sourdough Loaf,Bakery,339,93,88.88,5.55,2.1,0,2,5.21,1.33,120.1
SKU-108,Organic Honeycrisp Apples 1kg,Produce,114,136,147.36,6.95,3.1,0,1,6.65,0.99,144.8
SKU-108,Organic Honeycrisp Apples 1kg,Produce,123,113,102.51,6.12,3.1,5,3,5.81,0.97,110.2
SKU-110,Dark Chocolate Sea Salt Bark,Snacks,140,191,209.62,8.68,3.4,5,4,9.33,0.86,199.1
SKU-110,Dark Chocolate Sea Salt Bark,Snacks,71,150,136.54,8.35,3.4,15,3,8.29,1.12,178.9
SKU-102,Artisan Sourdough Loaf,Bakery,265,213,211.79,6.39,2.1,5,1,6.22,0.94,220.2
SKU-101,Organic Almond Milk 1L,Groceries,344,64,67.01,5.1,2.2,30,3,5.11,0.92,81.4
SKU-104,Extra Virgin Olive Oil 750ml,Pantry,190,212,227.7,18.12,10.5,0,7,17.92,0.89,189.8
SKU-106,Eco Bamboo Paper Towels 6pk,Household,238,164,168.77,10.69,5.2,30,3,10.19,1.32,307.3
SKU-104,Extra Virgin Olive Oil 750ml,Pantry,259,162,150.93,19.55,10.5,25,6,21.5,1.25,267.5
SKU-105,Wireless Ergonomic Mouse,Electronics,87,108,101.32,28.52,16.0,30,10,30.95,1.05,173.4
SKU-105,Wireless Ergonomic Mouse,Electronics,158,57,63.12,28.63,16.0,0,10,30.24,1.15,75.7
SKU-110,Dark Chocolate Sea Salt Bark,Snacks,24,232,216.99,7.77,3.4,0,3,8.08,1.05,255.4
SKU-107,Hydrating Facial Cleanser 200ml,Personal Care,327,18,17.3,18.67,6.5,0,3,18.13,0.98,17.4
SKU-108,Organic Honeycrisp Apples 1kg,Produce,166,170,151.17,6.44,3.1,30,3,6.41,1.28,297.6
SKU-104,Extra Virgin Olive Oil 750ml,Pantry,170,235,223.43,18.85,10.5,15,8,19.68,1.28,308.1
SKU-101,Organic Almond Milk 1L,Groceries,23,41,36.38,4.86,2.2,20,4,4.66,1.13,54.0
SKU-101,Organic Almond Milk 1L,Groceries,83,125,135.74,4.38,2.2,0,2,4.13,1.09,141.3
SKU-105,Wireless Ergonomic Mouse,Electronics,160,93,102.82,29.56,16.0,30,10,29.78,0.88,113.3
SKU-103,Premium Colombian Coffee 500g,Beverages,272,137,124.66,17.09,7.8,10,5,18.08,0.86,120.0
SKU-109,Plant Protein Powder 900g,Health & Nutrition,267,59,57.79,39.68,19.5,5,8,38.58,0.86,52.0
SKU-101,Organic Almond Milk 1L,Groceries,324,246,231.29,4.61,2.2,25,2,4.89,1.16,396.8
SKU-108,Organic Honeycrisp Apples 1kg,Produce,102,233,207.86,6.73,3.1,20,2,6.51,1.14,298.5
SKU-101,Organic Almond Milk 1L,Groceries,94,153,164.77,4.48,2.2,5,3,4.71,1.11,171.3
SKU-104,Extra Virgin Olive Oil 750ml,Pantry,318,42,45.73,18.83,10.5,15,7,18.66,1.14,57.0
SKU-102,Artisan Sourdough Loaf,Bakery,309,120,125.56,6.49,2.1,30,1,6.31,0.97,162.7
SKU-108,Organic Honeycrisp Apples 1kg,Produce,40,54,60.19,7.23,3.1,5,2,7.44,0.99,57.9
SKU-103,Premium Colombian Coffee 500g,Beverages,87,158,153.11,16.38,7.8,0,4,16.2,0.86,131.4
SKU-108,Organic Honeycrisp Apples 1kg,Produce,179,93,93.31,7.13,3.1,0,2,7.47,0.96,92.2
SKU-102,Artisan Sourdough Loaf,Bakery,206,213,191.51,6.45,2.1,10,3,6.95,1.28,341.6
SKU-102,Artisan Sourdough Loaf,Bakery,211,102,92.02,6.08,2.1,0,3,6.54,0.91,96.7
SKU-104,Extra Virgin Olive Oil 750ml,Pantry,259,211,202.04,20.76,10.5,0,6,19.75,0.99,235.8
SKU-106,Eco Bamboo Paper Towels 6pk,Household,71,40,43.09,10.74,5.2,15,5,9.97,1.01,43.7
SKU-110,Dark Chocolate Sea Salt Bark,Snacks,27,199,194.47,7.2,3.4,20,2,7.12,1.19,253.1
SKU-106,Eco Bamboo Paper Towels 6pk,Household,80,246,232.91,11.48,5.2,10,4,12.25,1.08,320.3
SKU-108,Organic Honeycrisp Apples 1kg,Produce,180,221,199.23,7.0,3.1,0,3,7.4,0.85,168.1
SKU-105,Wireless Ergonomic Mouse,Electronics,97,106,118.12,34.15,16.0,20,11,32.9,1.03,132.3
SKU-106,Eco Bamboo Paper Towels 6pk,Household,244,176,168.09,10.52,5.2,15,5,9.7,1.01,196.6
SKU-110,Dark Chocolate Sea Salt Bark,Snacks,345,119,108.63,8.91,3.4,20,3,9.78,1.2,186.1
SKU-108,Organic Honeycrisp Apples 1kg,Produce,254,122,118.98,6.54,3.1,10,2,6.02,1.11,134.2
SKU-105,Wireless Ergonomic Mouse,Electronics,325,148,152.68,30.88,16.0,0,9,29.7,1.0,150.3
SKU-102,Artisan Sourdough Loaf,Bakery,219,75,74.35,5.59,2.1,25,2,6.02,1.0,96.4
SKU-106,Eco Bamboo Paper Towels 6pk,Household,96,204,217.11,10.67,5.2,10,4,11.42,1.23,285.1
SKU-102,Artisan Sourdough Loaf,Bakery,349,165,148.43,6.04,2.1,0,3,6.15,1.07,178.6
SKU-107,Hydrating Facial Cleanser 200ml,Personal Care,319,53,47.97,15.91,6.5,20,4,16.15,0.98,58.6
SKU-104,Extra Virgin Olive Oil 750ml,Pantry,51,162,145.49,17.17,10.5,0,8,16.59,1.3,196.8
SKU-105,Wireless Ergonomic Mouse,Electronics,301,236,242.25,33.25,16.0,15,10,31.26,1.32,355.4
SKU-103,Premium Colombian Coffee 500g,Beverages,341,200,204.94,15.94,7.8,30,5,14.88,1.27,319.3
SKU-102,Artisan Sourdough Loaf,Bakery,269,30,32.32,6.36,2.1,10,1,6.0,0.98,34.0
SKU-103,Premium Colombian Coffee 500g,Beverages,325,37,33.13,15.71,7.8,20,6,16.88,1.08,53.6
SKU-110,Dark Chocolate Sea Salt Bark,Snacks,127,79,77.07,9.05,3.4,0,2,9.81,1.09,94.5
SKU-106,Eco Bamboo Paper Towels 6pk,Household,251,87,77.75,11.33,5.2,10,4,10.63,0.92,89.4
SKU-108,Organic Honeycrisp Apples 1kg,Produce,294,246,245.64,7.25,3.1,15,3,7.32,1.06,301.7
SKU-105,Wireless Ergonomic Mouse,Electronics,222,172,165.14,28.9,16.0,10,11,26.72,1.15,216.0
SKU-109,Plant Protein Powder 900g,Health & Nutrition,331,36,38.22,36.59,19.5,0,8,34.9,1.05,35.7
SKU-106,Eco Bamboo Paper Towels 6pk,Household,338,26,26.45,12.7,5.2,0,3,12.48,1.35,34.5
SKU-103,Premium Colombian Coffee 500g,Beverages,48,76,82.17,16.17,7.8,10,6,17.48,1.03,95.5
SKU-105,Wireless Ergonomic Mouse,Electronics,218,160,143.77,30.84,16.0,0,11,30.2,1.14,165.0
SKU-102,Artisan Sourdough Loaf,Bakery,154,31,32.19,6.6,2.1,10,2,6.66,0.86,31.5
SKU-107,Hydrating Facial Cleanser 200ml,Personal Care,341,56,52.44,17.39,6.5,25,3,16.66,1.31,88.5
SKU-104,Extra Virgin Olive Oil 750ml,Pantry,292,229,209.58,19.64,10.5,0,7,18.62,1.03,234.3
SKU-105,Wireless Ergonomic Mouse,Electronics,162,110,122.78,29.18,16.0,0,9,28.71,1.27,145.0
SKU-107,Hydrating Facial Cleanser 200ml,Personal Care,70,221,204.91,19.31,6.5,0,5,19.9,1.19,217.4
SKU-103,Premium Colombian Coffee 500g,Beverages,151,86,77.6,14.03,7.8,0,5,13.98,0.9,82.3
SKU-108,Organic Honeycrisp Apples 1kg,Produce,47,166,153.94,6.0,3.1,0,2,6.52,0.93,143.8
SKU-104,Extra Virgin Olive Oil 750ml,Pantry,151,175,180.41,17.88,10.5,0,6,17.92,0.92,157.0
SKU-101,Organic Almond Milk 1L,Groceries,311,53,55.44,4.8,2.2,30,2,5.27,0.92,68.1
SKU-105,Wireless Ergonomic Mouse,Electronics,327,207,204.43,30.66,16.0,0,10,28.64,1.23,235.0
SKU-110,Dark Chocolate Sea Salt Bark,Snacks,319,236,261.65,7.67,3.4,10,4,7.71,0.98,292.3
SKU-106,Eco Bamboo Paper Towels 6pk,Household,230,184,163.16,11.42,5.2,10,3,10.81,0.97,194.8
SKU-103,Premium Colombian Coffee 500g,Beverages,282,219,201.86,13.66,7.8,10,6,14.81,0.85,206.7
SKU-101,Organic Almond Milk 1L,Groceries,26,241,265.05,4.61,2.2,15,2,4.35,1.02,280.0
SKU-101,Organic Almond Milk 1L,Groceries,142,85,76.84,4.35,2.2,20,4,4.3,0.9,93.5
SKU-103,Premium Colombian Coffee 500g,Beverages,255,54,60.3,16.57,7.8,0,5,15.45,1.18,54.4
SKU-102,Artisan Sourdough Loaf,Bakery,264,72,68.65,6.11,2.1,0,1,6.29,1.03,68.9
SKU-106,Eco Bamboo Paper Towels 6pk,Household,312,140,156.67,11.7,5.2,20,3,11.67,1.05,191.1
SKU-101,Organic Almond Milk 1L,Groceries,100,183,171.97,5.06,2.2,0,4,5.23,1.17,186.5
SKU-108,Organic Honeycrisp Apples 1kg,Produce,54,222,246.46,6.15,3.1,15,1,6.39,1.23,328.0
SKU-107,Hydrating Facial Cleanser 200ml,Personal Care,252,237,244.51,17.14,6.5,5,4,16.38,1.06,289.7
SKU-107,Hydrating Facial Cleanser 200ml,Personal Care,94,104,95.96,16.78,6.5,5,4,15.65,1.06,106.7
SKU-101,Organic Almond Milk 1L,Groceries,170,142,126.76,4.83,2.2,0,3,5.24,1.35,222.1
SKU-101,Organic Almond Milk 1L,Groceries,80,219,240.26,4.04,2.2,10,4,4.24,0.89,222.6
SKU-110,Dark Chocolate Sea Salt Bark,Snacks,162,229,219.95,9.09,3.4,5,4,9.4,1.3,289.3
SKU-107,Hydrating Facial Cleanser 200ml,Personal Care,136,66,60.69,17.02,6.5,25,5,17.83,0.91,77.2
SKU-110,Dark Chocolate Sea Salt Bark,Snacks,336,246,255.82,7.76,3.4,10,2,7.29,1.0,278.7
SKU-102,Artisan Sourdough Loaf,Bakery,241,38,38.08,5.43,2.1,5,3,5.21,1.22,48.1
SKU-103,Premium Colombian Coffee 500g,Beverages,122,164,145.96,14.27,7.8,25,5,14.07,1.33,287.5
SKU-110,Dark Chocolate Sea Salt Bark,Snacks,132,245,253.83,8.67,3.4,0,4,8.17,1.0,249.7
SKU-107,Hydrating Facial Cleanser 200ml,Personal Care,242,46,41.76,18.88,6.5,0,4,19.14,1.19,49.4
SKU-107,Hydrating Facial Cleanser 200ml,Personal Care,200,200,185.64,18.71,6.5,20,3,18.19,0.94,215.5
SKU-102,Artisan Sourdough Loaf,Bakery,93,141,143.56,6.36,2.1,0,1,6.95,1.1,163.9
SKU-110,Dark Chocolate Sea Salt Bark,Snacks,269,18,18.18,8.11,3.4,5,4,7.57,0.91,16.3
SKU-110,Dark Chocolate Sea Salt Bark,Snacks,226,129,118.14,8.49,3.4,0,3,9.14,0.89,118.0
SKU-107,Hydrating Facial Cleanser 200ml,Personal Care,184,74,79.39,18.76,6.5,30,5,18.95,1.28,147.9
SKU-104,Extra Virgin Olive Oil 750ml,Pantry,268,143,128.91,18.58,10.5,20,8,19.96,1.31,229.7
SKU-108,Organic Honeycrisp Apples 1kg,Produce,86,184,166.39,6.85,3.1,0,2,7.27,1.17,202.5
SKU-109,Plant Protein Powder 900g,Health & Nutrition,60,194,208.07,34.86,19.5,5,6,32.35,1.06,229.6
SKU-101,Organic Almond Milk 1L,Groceries,297,33,30.56,4.57,2.2,0,3,4.5,1.05,35.0
SKU-107,Hydrating Facial Cleanser 200ml,Personal Care,174,95,101.96,16.73,6.5,0,4,17.06,1.02,91.5
SKU-103,Premium Colombian Coffee 500g,Beverages,63,157,158.05,15.58,7.8,30,4,16.5,1.0,230.1
SKU-101,Organic Almond Milk 1L,Groceries,118,23,22.02,4.65,2.2,10,3,4.58,1.19,28.3
SKU-106,Eco Bamboo Paper Towels 6pk,Household,103,122,129.6,10.93,5.2,15,3,10.1,1.09,149.5
SKU-107,Hydrating Facial Cleanser 200ml,Personal Care,68,147,136.59,18.44,6.5,0,5,19.79,1.19,172.6
SKU-110,Dark Chocolate Sea Salt Bark,Snacks,134,77,77.35,7.66,3.4,0,2,7.22,1.34,108.3
SKU-104,Extra Virgin Olive Oil 750ml,Pantry,22,143,135.1,19.9,10.5,10,8,21.85,1.19,194.3
SKU-107,Hydrating Facial Cleanser 200ml,Personal Care,11,42,42.89,18.12,6.5,0,3,19.54,0.89,42.5
SKU-104,Extra Virgin Olive Oil 750ml,Pantry,307,111,122.54,19.6,10.5,20,8,19.68,0.9,125.2
SKU-102,Artisan Sourdough Loaf,Bakery,26,21,20.51,6.88,2.1,0,1,7.16,0.88,19.2
SKU-107,Hydrating Facial Cleanser 200ml,Personal Care,311,62,65.65,19.52,6.5,10,5,19.69,1.21,85.5
SKU-109,Plant Protein Powder 900g,Health & Nutrition,181,246,219.78,32.73,19.5,0,7,33.8,1.27,290.7
SKU-106,Eco Bamboo Paper Towels 6pk,Household,45,17,18.56,11.98,5.2,0,4,12.58,0.96,17.9
SKU-103,Premium Colombian Coffee 500g,Beverages,225,36,33.9,13.84,7.8,0,4,13.23,0.85,30.4
SKU-108,Organic Honeycrisp Apples 1kg,Produce,184,72,77.91,6.18,3.1,0,1,6.47,1.3,103.8
SKU-110,Dark Chocolate Sea Salt Bark,Snacks,89,75,72.07,7.99,3.4,0,3,8.06,1.2,84.8
SKU-104,Extra Virgin Olive Oil 750ml,Pantry,129,196,210.26,17.36,10.5,0,7,17.14,1.24,267.6
SKU-107,Hydrating Facial Cleanser 200ml,Personal Care,319,39,40.2,15.81,6.5,30,4,16.77,1.14,62.7
SKU-103,Premium Colombian Coffee 500g,Beverages,234,132,128.32,17.13,7.8,0,4,16.85,1.05,130.6
SKU-103,Premium Colombian Coffee 500g,Beverages,165,189,200.65,15.76,7.8,0,6,16.76,0.89,170.0
SKU-107,Hydrating Facial Cleanser 200ml,Personal Care,346,82,78.61,15.78,6.5,0,4,14.62,1.19,92.4
SKU-106,Eco Bamboo Paper Towels 6pk,Household,315,51,56.81,12.76,5.2,5,3,13.99,1.02,63.6
SKU-102,Artisan Sourdough Loaf,Bakery,214,233,208.71,6.21,2.1,10,2,6.44,1.16,296.0
SKU-103,Premium Colombian Coffee 500g,Beverages,338,134,119.93,14.93,7.8,5,5,14.12,1.07,151.5
SKU-102,Artisan Sourdough Loaf,Bakery,125,86,91.05,6.84,2.1,15,3,7.51,1.29,141.4
SKU-106,Eco Bamboo Paper Towels 6pk,Household,9,198,195.27,11.73,5.2,15,5,11.6,1.1,247.4
SKU-102,Artisan Sourdough Loaf,Bakery,327,138,148.23,5.93,2.1,5,2,6.17,0.99,156.4
SKU-105,Wireless Ergonomic Mouse,Electronics,71,34,35.51,32.3,16.0,0,9,30.16,0.89,32.8
SKU-101,Organic Almond Milk 1L,Groceries,180,89,92.9,5.02,2.2,0,4,5.5,1.12,110.9
SKU-108,Organic Honeycrisp Apples 1kg,Produce,282,112,119.05,7.3,3.1,10,1,6.85,1.17,138.2
SKU-104,Extra Virgin Olive Oil 750ml,Pantry,8,32,30.26,21.18,10.5,10,6,22.19,0.94,34.3
SKU-110,Dark Chocolate Sea Salt Bark,Snacks,222,142,140.58,9.08,3.4,10,3,8.46,1.12,165.8
SKU-102,Artisan Sourdough Loaf,Bakery,327,151,145.81,5.64,2.1,5,2,6.03,1.02,167.7
SKU-109,Plant Protein Powder 900g,Health & Nutrition,199,166,181.62,37.9,19.5,5,6,41.63,0.99,198.2
SKU-108,Organic Honeycrisp Apples 1kg,Produce,158,112,118.72,6.97,3.1,30,3,6.76,1.27,197.9
SKU-102,Artisan Sourdough Loaf,Bakery,263,220,196.76,6.72,2.1,0,2,6.56,1.0,218.6
SKU-107,Hydrating Facial Cleanser 200ml,Personal Care,97,108,100.2,17.1,6.5,0,5,18.55,1.25,143.7
SKU-109,Plant Protein Powder 900g,Health & Nutrition,91,51,56.48,38.2,19.5,0,8,39.21,1.22,58.7
SKU-109,Plant Protein Powder 900g,Health & Nutrition,249,136,144.96,36.41,19.5,10,6,34.25,1.29,183.9
SKU-104,Extra Virgin Olive Oil 750ml,Pantry,213,22,22.5,19.14,10.5,30,6,19.28,0.99,32.2
SKU-102,Artisan Sourdough Loaf,Bakery,84,249,244.84,5.87,2.1,25,2,5.6,1.21,400.8
SKU-110,Dark Chocolate Sea Salt Bark,Snacks,231,129,135.26,8.89,3.4,0,3,8.6,1.23,162.7
SKU-110,Dark Chocolate Sea Salt Bark,Snacks,187,120,128.54,8.28,3.4,10,3,8.74,0.91,130.2
SKU-102,Artisan Sourdough Loaf,Bakery,251,99,96.76,6.84,2.1,0,1,6.62,1.06,96.4
SKU-110,Dark Chocolate Sea Salt Bark,Snacks,81,180,168.69,7.97,3.4,5,2,8.61,0.86,158.7
SKU-101,Organic Almond Milk 1L,Groceries,125,246,266.14,4.08,2.2,10,3,3.96,0.99,286.9
SKU-105,Wireless Ergonomic Mouse,Electronics,255,27,28.83,33.33,16.0,15,11,33.71,1.27,39.9
SKU-102,Artisan Sourdough Loaf,Bakery,295,240,250.15,6.75,2.1,15,1,7.1,1.03,290.8
SKU-102,Artisan Sourdough Loaf,Bakery,311,69,62.63,5.88,2.1,0,1,6.39,1.18,92.6
SKU-110,Dark Chocolate Sea Salt Bark,Snacks,178,243,246.44,7.86,3.4,5,3,8.62,1.13,288.7
SKU-102,Artisan Sourdough Loaf,Bakery,250,189,200.35,5.87,2.1,5,1,5.71,1.23,240.9
SKU-104,Extra Virgin Olive Oil 750ml,Pantry,287,239,224.1,18.15,10.5,0,7,18.58,0.94,219.4
SKU-105,Wireless Ergonomic Mouse,Electronics,224,146,142.02,30.14,16.0,10,11,27.76,0.93,143.0
SKU-108,Organic Honeycrisp Apples 1kg,Produce,122,148,161.56,7.37,3.1,15,3,6.9,1.07,181.2
SKU-101,Organic Almond Milk 1L,Groceries,263,82,77.08,4.44,2.2,0,2,4.64,1.28,100.8
SKU-101,Organic Almond Milk 1L,Groceries,49,119,120.45,5.1,2.2,0,4,5.17,0.91,107.2
SKU-106,Eco Bamboo Paper Towels 6pk,Household,40,226,241.29,10.9,5.2,0,4,11.22,0.87,194.2
SKU-110,Dark Chocolate Sea Salt Bark,Snacks,64,62,59.11,8.24,3.4,10,3,8.74,1.26,91.2
SKU-106,Eco Bamboo Paper Towels 6pk,Household,332,177,179.37,12.35,5.2,5,4,11.67,1.31,239.0
SKU-107,Hydrating Facial Cleanser 200ml,Personal Care,97,75,73.33,18.17,6.5,0,5,18.69,1.3,93.4
SKU-104,Extra Virgin Olive Oil 750ml,Pantry,66,185,171.22,20.78,10.5,5,8,19.86,1.01,182.4
SKU-110,Dark Chocolate Sea Salt Bark,Snacks,262,50,44.79,8.65,3.4,10,2,8.52,1.02,49.3
SKU-107,Hydrating Facial Cleanser 200ml,Personal Care,283,86,77.18,19.25,6.5,0,5,20.46,1.02,79.6
SKU-110,Dark Chocolate Sea Salt Bark,Snacks,10,25,23.57,8.94,3.4,15,3,8.25,1.2,34.7
SKU-107,Hydrating Facial Cleanser 200ml,Personal Care,102,84,87.66,16.17,6.5,15,3,17.21,0.99,113.6
SKU-101,Organic Almond Milk 1L,Groceries,163,98,105.26,4.37,2.2,10,2,4.61,1.0,114.3
SKU-101,Organic Almond Milk 1L,Groceries,249,202,190.71,4.32,2.2,0,3,4.24,0.97,193.2
SKU-109,Plant Protein Powder 900g,Health & Nutrition,290,51,53.51,33.62,19.5,5,6,34.51,0.89,50.2
SKU-105,Wireless Ergonomic Mouse,Electronics,163,23,23.41,32.89,16.0,0,11,33.51,1.25,27.5
SKU-104,Extra Virgin Olive Oil 750ml,Pantry,201,181,167.01,20.76,10.5,5,8,19.63,0.91,160.0
SKU-109,Plant Protein Powder 900g,Health & Nutrition,104,215,227.25,39.21,19.5,5,6,41.35,1.05,222.6
SKU-107,Hydrating Facial Cleanser 200ml,Personal Care,101,55,61.11,16.04,6.5,0,4,17.4,0.99,60.9
SKU-103,Premium Colombian Coffee 500g,Beverages,118,156,139.69,17.14,7.8,5,5,17.5,1.29,192.6
SKU-103,Premium Colombian Coffee 500g,Beverages,195,82,86.66,15.19,7.8,30,6,14.12,1.06,122.4
SKU-104,Extra Virgin Olive Oil 750ml,Pantry,289,79,77.1,20.25,10.5,25,7,21.77,1.13,114.1
SKU-101,Organic Almond Milk 1L,Groceries,24,176,165.85,4.33,2.2,30,3,4.13,1.11,234.3
SKU-110,Dark Chocolate Sea Salt Bark,Snacks,66,100,100.85,8.77,3.4,20,3,9.58,1.13,156.0
SKU-102,Artisan Sourdough Loaf,Bakery,326,45,42.14,6.79,2.1,20,1,7.11,1.25,71.9
SKU-110,Dark Chocolate Sea Salt Bark,Snacks,326,241,224.53,8.81,3.4,0,3,8.44,1.05,241.8
SKU-108,Organic Honeycrisp Apples 1kg,Produce,320,234,226.32,6.47,3.1,0,1,6.73,1.33,296.1
SKU-109,Plant Protein Powder 900g,Health & Nutrition,211,184,194.83,35.99,19.5,0,6,38.54,1.07,221.6
SKU-109,Plant Protein Powder 900g,Health & Nutrition,74,228,235.33,32.12,19.5,25,8,35.09,0.97,279.3
SKU-109,Plant Protein Powder 900g,Health & Nutrition,118,57,58.07,39.87,19.5,5,7,37.28,1.02,59.4
SKU-106,Eco Bamboo Paper Towels 6pk,Household,299,59,62.81,11.1,5.2,15,3,10.62,1.12,69.7
SKU-106,Eco Bamboo Paper Towels 6pk,Household,137,39,42.2,11.73,5.2,10,4,11.87,1.32,63.0
SKU-110,Dark Chocolate Sea Salt Bark,Snacks,269,42,45.04,8.25,3.4,5,2,8.6,1.23,57.1
SKU-106,Eco Bamboo Paper Towels 6pk,Household,324,69,74.0,12.79,5.2,5,4,12.72,0.88,60.9
SKU-104,Extra Virgin Olive Oil 750ml,Pantry,200,104,114.25,19.5,10.5,5,6,21.22,0.96,124.4
SKU-104,Extra Virgin Olive Oil 750ml,Pantry,37,144,149.4,18.42,10.5,0,8,19.34,1.01,141.6
SKU-103,Premium Colombian Coffee 500g,Beverages,304,119,106.13,15.62,7.8,0,5,16.5,1.26,145.3
SKU-104,Extra Virgin Olive Oil 750ml,Pantry,264,32,30.39,20.73,10.5,0,6,21.72,0.86,23.2
SKU-103,Premium Colombian Coffee 500g,Beverages,188,125,136.63,15.89,7.8,5,6,15.46,1.33,166.0
SKU-101,Organic Almond Milk 1L,Groceries,232,242,267.15,5.02,2.2,5,4,5.24,1.03,255.9
SKU-106,Eco Bamboo Paper Towels 6pk,Household,236,166,179.94,11.18,5.2,0,5,11.05,0.92,155.7
SKU-106,Eco Bamboo Paper Towels 6pk,Household,282,141,155.71,12.74,5.2,20,3,12.42,0.87,166.3
SKU-101,Organic Almond Milk 1L,Groceries,288,71,63.9,5.08,2.2,10,2,5.28,1.2,90.8
SKU-101,Organic Almond Milk 1L,Groceries,293,24,22.2,4.97,2.2,15,3,4.89,1.02,28.2
SKU-105,Wireless Ergonomic Mouse,Electronics,316,73,78.36,29.09,16.0,0,10,29.4,0.87,63.0
SKU-103,Premium Colombian Coffee 500g,Beverages,175,225,210.32,16.26,7.8,0,5,17.47,1.15,243.9
SKU-109,Plant Protein Powder 900g,Health & Nutrition,58,81,82.67,36.62,19.5,5,8,39.2,1.35,117.6
SKU-104,Extra Virgin Olive Oil 750ml,Pantry,256,77,78.68,18.99,10.5,0,6,20.66,1.04,89.3
SKU-105,Wireless Ergonomic Mouse,Electronics,315,86,85.33,29.04,16.0,5,11,31.36,0.97,90.8
SKU-110,Dark Chocolate Sea Salt Bark,Snacks,16,123,108.69,7.76,3.4,5,2,8.02,1.15,134.0
SKU-103,Premium Colombian Coffee 500g,Beverages,203,137,121.0,13.56,7.8,30,5,13.02,0.94,167.1
SKU-101,Organic Almond Milk 1L,Groceries,11,145,153.29,4.42,2.2,15,4,4.41,1.17,218.5
SKU-110,Dark Chocolate Sea Salt Bark,Snacks,293,35,31.56,9.04,3.4,10,4,8.52,1.15,45.9
SKU-102,Artisan Sourdough Loaf,Bakery,95,168,158.95,6.84,2.1,0,1,7.52,1.16,205.0
SKU-107,Hydrating Facial Cleanser 200ml,Personal Care,282,185,172.21,15.74,6.5,10,4,14.93,1.3,249.8
SKU-109,Plant Protein Powder 900g,Health & Nutrition,146,17,17.82,32.48,19.5,15,8,32.76,1.29,25.2
SKU-101,Organic Almond Milk 1L,Groceries,172,127,117.01,4.89,2.2,25,4,4.99,0.93,151.2
SKU-110,Dark Chocolate Sea Salt Bark,Snacks,272,230,213.3,9.16,3.4,15,2,9.7,0.92,251.3
SKU-103,Premium Colombian Coffee 500g,Beverages,337,162,177.21,15.39,7.8,0,4,15.01,0.9,148.6
SKU-106,Eco Bamboo Paper Towels 6pk,Household,256,207,211.19,11.8,5.2,0,4,12.41,1.14,269.3
SKU-107,Hydrating Facial Cleanser 200ml,Personal Care,171,118,121.14,17.94,6.5,0,5,18.95,0.97,109.9
SKU-103,Premium Colombian Coffee 500g,Beverages,177,103,109.17,13.85,7.8,5,6,15.21,0.96,108.4
SKU-104,Extra Virgin Olive Oil 750ml,Pantry,44,68,74.89,19.39,10.5,0,8,19.59,1.31,85.1
SKU-102,Artisan Sourdough Loaf,Bakery,96,133,122.67,6.61,2.1,5,1,6.24,1.08,150.1
SKU-107,Hydrating Facial Cleanser 200ml,Personal Care,150,136,123.36,19.26,6.5,0,3,18.6,1.23,171.5
SKU-107,Hydrating Facial Cleanser 200ml,Personal Care,251,122,112.36,16.43,6.5,5,3,15.55,1.13,134.3
SKU-106,Eco Bamboo Paper Towels 6pk,Household,157,74,80.37,11.91,5.2,10,3,11.69,0.85,68.7
SKU-110,Dark Chocolate Sea Salt Bark,Snacks,338,142,136.5,8.14,3.4,10,4,8.76,1.23,217.5
SKU-105,Wireless Ergonomic Mouse,Electronics,292,26,27.05,33.46,16.0,0,10,35.68,1.07,30.6
SKU-106,Eco Bamboo Paper Towels 6pk,Household,93,162,157.92,11.07,5.2,30,4,12.14,1.07,257.3
SKU-106,Eco Bamboo Paper Towels 6pk,Household,48,204,183.4,10.89,5.2,0,3,10.97,1.3,239.5
SKU-102,Artisan Sourdough Loaf,Bakery,214,49,43.47,5.5,2.1,10,2,5.49,1.23,61.7
SKU-101,Organic Almond Milk 1L,Groceries,336,138,148.76,5.0,2.2,25,3,5.45,1.02,199.5
SKU-106,Eco Bamboo Paper Towels 6pk,Household,225,39,38.93,10.8,5.2,30,3,10.24,1.03,53.7
SKU-104,Extra Virgin Olive Oil 750ml,Pantry,15,102,106.16,16.98,10.5,0,8,17.8,1.24,123.1
SKU-110,Dark Chocolate Sea Salt Bark,Snacks,46,138,131.48,7.92,3.4,0,4,8.7,1.15,170.5
SKU-101,Organic Almond Milk 1L,Groceries,70,157,153.33,4.27,2.2,20,3,4.5,1.22,235.8
SKU-109,Plant Protein Powder 900g,Health & Nutrition,336,59,52.72,32.2,19.5,30,6,34.17,0.95,76.7
SKU-106,Eco Bamboo Paper Towels 6pk,Household,273,178,177.54,11.81,5.2,0,5,11.83,1.19,197.0
SKU-105,Wireless Ergonomic Mouse,Electronics,331,166,146.62,28.21,16.0,30,9,26.34,1.34,290.3
SKU-108,Organic Honeycrisp Apples 1kg,Produce,204,78,80.9,6.47,3.1,0,2,6.8,1.1,87.8
SKU-102,Artisan Sourdough Loaf,Bakery,91,137,130.36,6.02,2.1,0,1,5.82,1.03,145.7
SKU-106,Eco Bamboo Paper Towels 6pk,Household,13,56,62.55,11.95,5.2,10,4,11.69,1.3,89.9
SKU-107,Hydrating Facial Cleanser 200ml,Personal Care,49,167,147.95,18.73,6.5,5,3,18.17,1.26,220.9
SKU-107,Hydrating Facial Cleanser 200ml,Personal Care,35,125,125.13,17.78,6.5,5,3,17.94,0.89,107.6
SKU-104,Extra Virgin Olive Oil 750ml,Pantry,34,119,111.98,20.47,10.5,5,6,20.83,0.94,110.1
SKU-105,Wireless Ergonomic Mouse,Electronics,311,59,61.17,28.1,16.0,10,9,28.52,0.88,61.4
SKU-107,Hydrating Facial Cleanser 200ml,Personal Care,301,82,81.21,16.11,6.5,0,3,14.89,1.11,88.1
SKU-101,Organic Almond Milk 1L,Groceries,292,46,47.6,4.42,2.2,15,2,4.51,0.93,52.0
SKU-105,Wireless Ergonomic Mouse,Electronics,144,224,221.78,32.07,16.0,5,9,30.05,1.15,251.7
SKU-101,Organic Almond Milk 1L,Groceries,229,213,218.67,4.09,2.2,25,4,4.17,1.27,343.9
SKU-106,Eco Bamboo Paper Towels 6pk,Household,299,179,170.04,11.31,5.2,0,5,10.45,1.2,205.0
SKU-103,Premium Colombian Coffee 500g,Beverages,150,37,33.04,16.21,7.8,0,5,17.0,1.19,40.2
SKU-105,Wireless Ergonomic Mouse,Electronics,302,240,262.1,33.99,16.0,20,9,35.51,1.13,347.9
SKU-108,Organic Honeycrisp Apples 1kg,Produce,148,110,110.17,7.42,3.1,0,3,7.88,1.32,153.7
SKU-106,Eco Bamboo Paper Towels 6pk,Household,173,222,225.28,10.88,5.2,0,3,10.98,1.23,285.8
SKU-101,Organic Almond Milk 1L,Groceries,216,199,177.81,4.46,2.2,5,4,4.55,1.03,184.2
SKU-101,Organic Almond Milk 1L,Groceries,177,79,85.56,4.52,2.2,0,3,4.47,0.96,80.3
SKU-107,Hydrating Facial Cleanser 200ml,Personal Care,346,61,65.78,18.82,6.5,0,3,20.28,1.15,78.6
SKU-110,Dark Chocolate Sea Salt Bark,Snacks,146,240,237.64,7.67,3.4,25,2,7.89,1.32,408.4
SKU-105,Wireless Ergonomic Mouse,Electronics,44,120,111.03,30.8,16.0,5,11,32.83,1.18,167.8
SKU-101,Organic Almond Milk 1L,Groceries,333,83,80.86,4.42,2.2,20,4,4.29,0.9,98.6
SKU-104,Extra Virgin Olive Oil 750ml,Pantry,238,151,158.77,20.89,10.5,15,7,21.74,1.21,235.2
SKU-101,Organic Almond Milk 1L,Groceries,21,129,125.38,4.29,2.2,20,4,4.42,1.32,213.5
SKU-108,Organic Honeycrisp Apples 1kg,Produce,320,17,19.03,6.3,3.1,10,2,6.0,1.01,19.8
SKU-109,Plant Protein Powder 900g,Health & Nutrition,316,214,227.95,39.2,19.5,20,7,40.32,0.94,237.4
SKU-104,Extra Virgin Olive Oil 750ml,Pantry,256,165,147.2,20.93,10.5,30,7,19.97,0.9,186.3
SKU-101,Organic Almond Milk 1L,Groceries,19,135,139.88,5.04,2.2,5,2,5.45,1.14,181.3
SKU-105,Wireless Ergonomic Mouse,Electronics,341,171,152.28,29.44,16.0,10,11,27.38,1.3,230.6
SKU-109,Plant Protein Powder 900g,Health & Nutrition,209,118,111.28,32.93,19.5,10,7,33.35,1.01,137.0
SKU-104,Extra Virgin Olive Oil 750ml,Pantry,177,40,42.12,17.37,10.5,20,6,18.25,1.24,67.5
SKU-109,Plant Protein Powder 900g,Health & Nutrition,198,172,152.66,37.85,19.5,20,7,37.65,1.23,251.6
SKU-108,Organic Honeycrisp Apples 1kg,Produce,204,135,149.07,6.69,3.1,0,1,6.48,0.94,138.3
SKU-108,Organic Honeycrisp Apples 1kg,Produce,259,188,187.97,6.28,3.1,0,2,6.48,1.13,202.4
SKU-103,Premium Colombian Coffee 500g,Beverages,127,213,233.32,14.48,7.8,15,6,13.58,1.17,299.9
SKU-104,Extra Virgin Olive Oil 750ml,Pantry,131,202,194.25,16.68,10.5,5,7,15.39,0.87,173.1
SKU-105,Wireless Ergonomic Mouse,Electronics,42,48,50.25,28.06,16.0,10,9,26.09,0.94,45.0
SKU-102,Artisan Sourdough Loaf,Bakery,5,47,42.44,6.03,2.1,25,3,6.14,0.92,57.3
SKU-103,Premium Colombian Coffee 500g,Beverages,211,171,153.71,15.75,7.8,0,4,16.58,1.08,183.9
SKU-109,Plant Protein Powder 900g,Health & Nutrition,184,25,22.08,39.55,19.5,0,7,39.56,1.29,34.2
SKU-109,Plant Protein Powder 900g,Health & Nutrition,304,222,242.88,33.21,19.5,10,6,31.08,1.32,343.5
SKU-107,Hydrating Facial Cleanser 200ml,Personal Care,300,161,152.6,16.9,6.5,0,5,17.74,1.08,178.8
SKU-103,Premium Colombian Coffee 500g,Beverages,104,21,20.2,16.5,7.8,20,6,16.72,1.17,29.9
SKU-108,Organic Honeycrisp Apples 1kg,Produce,80,84,81.98,7.22,3.1,5,1,7.52,1.12,111.6
SKU-104,Extra Virgin Olive Oil 750ml,Pantry,47,62,56.75,20.61,10.5,10,7,19.65,0.87,53.9
SKU-109,Plant Protein Powder 900g,Health & Nutrition,12,172,164.5,34.83,19.5,30,8,33.6,0.98,223.9
SKU-108,Organic Honeycrisp Apples 1kg,Produce,136,100,102.08,6.85,3.1,10,1,6.39,1.03,106.1
SKU-107,Hydrating Facial Cleanser 200ml,Personal Care,144,183,185.49,18.92,6.5,25,4,18.03,1.05,251.0
SKU-106,Eco Bamboo Paper Towels 6pk,Household,146,220,201.96,11.65,5.2,10,4,12.17,1.09,260.1
SKU-103,Premium Colombian Coffee 500g,Beverages,16,118,105.74,15.23,7.8,20,4,15.7,1.28,168.4
SKU-108,Organic Honeycrisp Apples 1kg,Produce,24,135,123.18,6.77,3.1,5,1,7.03,0.95,138.9
SKU-110,Dark Chocolate Sea Salt Bark,Snacks,107,17,17.52,7.82,3.4,30,4,7.47,1.34,33.9
SKU-107,Hydrating Facial Cleanser 200ml,Personal Care,20,235,257.11,17.57,6.5,5,5,18.23,1.17,315.5
SKU-106,Eco Bamboo Paper Towels 6pk,Household,140,190,171.48,11.81,5.2,10,3,11.92,0.96,185.7
SKU-101,Organic Almond Milk 1L,Groceries,142,133,142.63,4.54,2.2,5,3,4.87,1.34,180.3
SKU-105,Wireless Ergonomic Mouse,Electronics,49,222,226.1,28.65,16.0,0,10,30.5,1.35,302.2
SKU-108,Organic Honeycrisp Apples 1kg,Produce,168,112,113.01,5.92,3.1,0,2,5.71,1.07,127.5
SKU-104,Extra Virgin Olive Oil 750ml,Pantry,299,40,39.39,21.15,10.5,0,7,20.66,0.98,39.4
SKU-101,Organic Almond Milk 1L,Groceries,180,37,39.03,4.4,2.2,30,3,4.08,0.91,47.5
SKU-106,Eco Bamboo Paper Towels 6pk,Household,53,223,198.83,11.96,5.2,10,4,11.45,1.04,263.3
SKU-107,Hydrating Facial Cleanser 200ml,Personal Care,187,170,163.71,16.02,6.5,0,5,16.74,1.3,232.4
SKU-102,Artisan Sourdough Loaf,Bakery,211,221,247.51,5.76,2.1,15,1,5.91,1.08,296.4
SKU-110,Dark Chocolate Sea Salt Bark,Snacks,322,69,62.12,7.71,3.4,0,2,7.14,0.93,57.9
SKU-105,Wireless Ergonomic Mouse,Electronics,156,19,17.95,33.02,16.0,10,9,34.86,0.96,21.2
SKU-103,Premium Colombian Coffee 500g,Beverages,45,84,87.22,14.0,7.8,10,4,15.18,1.01,103.7
SKU-102,Artisan Sourdough Loaf,Bakery,38,162,152.65,5.83,2.1,15,3,6.14,1.19,228.7
SKU-108,Organic Honeycrisp Apples 1kg,Produce,224,29,31.23,5.99,3.1,10,3,5.57,1.07,36.2
SKU-103,Premium Colombian Coffee 500g,Beverages,91,137,133.76,14.62,7.8,20,5,14.17,0.95,167.0
SKU-109,Plant Protein Powder 900g,Health & Nutrition,215,69,67.44,38.72,19.5,0,8,39.28,0.88,54.2
SKU-103,Premium Colombian Coffee 500g,Beverages,189,72,65.25,16.47,7.8,0,4,15.96,1.26,85.8
SKU-110,Dark Chocolate Sea Salt Bark,Snacks,250,24,25.18,8.09,3.4,0,2,8.47,1.09,26.2
SKU-106,Eco Bamboo Paper Towels 6pk,Household,68,44,40.58,13.1,5.2,10,4,13.94,1.03,46.2
SKU-107,Hydrating Facial Cleanser 200ml,Personal Care,87,163,153.5,19.32,6.5,0,4,21.13,0.85,150.7
SKU-101,Organic Almond Milk 1L,Groceries,91,64,60.02,4.19,2.2,15,2,3.91,1.27,98.0
SKU-110,Dark Chocolate Sea Salt Bark,Snacks,256,129,123.23,7.47,3.4,0,2,7.01,1.33,181.4
SKU-110,Dark Chocolate Sea Salt Bark,Snacks,317,68,63.75,7.94,3.4,0,4,8.11,1.12,84.2
SKU-110,Dark Chocolate Sea Salt Bark,Snacks,73,247,240.41,7.29,3.4,20,2,7.5,1.06,297.9
SKU-110,Dark Chocolate Sea Salt Bark,Snacks,260,196,195.98,7.8,3.4,30,4,8.11,1.02,298.2
SKU-106,Eco Bamboo Paper Towels 6pk,Household,42,139,131.99,12.15,5.2,0,4,12.61,1.02,136.8
SKU-110,Dark Chocolate Sea Salt Bark,Snacks,240,212,188.2,8.23,3.4,10,4,8.4,1.04,234.8
SKU-109,Plant Protein Powder 900g,Health & Nutrition,333,177,172.93,39.15,19.5,5,8,38.86,1.04,184.6
SKU-110,Dark Chocolate Sea Salt Bark,Snacks,40,41,39.09,8.75,3.4,0,4,8.43,1.26,51.6
SKU-104,Extra Virgin Olive Oil 750ml,Pantry,134,44,45.88,19.3,10.5,5,7,19.46,1.09,49.0
SKU-107,Hydrating Facial Cleanser 200ml,Personal Care,87,19,20.39,15.75,6.5,30,5,16.25,0.95,27.2
SKU-101,Organic Almond Milk 1L,Groceries,82,70,73.87,4.09,2.2,0,3,3.77,0.85,59.6
SKU-110,Dark Chocolate Sea Salt Bark,Snacks,51,82,75.1,7.67,3.4,25,4,7.77,0.86,86.2
SKU-110,Dark Chocolate Sea Salt Bark,Snacks,5,103,98.47,8.54,3.4,0,2,8.74,1.19,124.3
SKU-101,Organic Almond Milk 1L,Groceries,306,235,228.08,4.79,2.2,0,2,4.52,1.08,232.9
SKU-110,Dark Chocolate Sea Salt Bark,Snacks,90,147,140.42,7.78,3.4,15,4,8.38,0.93,177.0
SKU-101,Organic Almond Milk 1L,Groceries,186,54,55.06,5.14,2.2,15,2,5.12,1.01,61.8
SKU-105,Wireless Ergonomic Mouse,Electronics,256,180,192.64,31.71,16.0,0,11,33.23,1.18,218.7
SKU-106,Eco Bamboo Paper Towels 6pk,Household,342,175,169.12,12.26,5.2,0,3,12.14,1.31,239.6
SKU-108,Organic Honeycrisp Apples 1kg,Produce,12,57,51.94,6.37,3.1,0,1,6.43,1.23,66.9
SKU-103,Premium Colombian Coffee 500g,Beverages,175,18,18.68,14.86,7.8,10,6,15.53,1.26,24.6
SKU-108,Organic Honeycrisp Apples 1kg,Produce,207,114,111.21,5.88,3.1,0,1,6.44,1.01,122.1
SKU-110,Dark Chocolate Sea Salt Bark,Snacks,293,172,188.41,8.08,3.4,5,3,8.57,1.11,202.4
SKU-107,Hydrating Facial Cleanser 200ml,Personal Care,121,127,127.42,16.31,6.5,0,5,16.73,0.94,125.7
SKU-103,Premium Colombian Coffee 500g,Beverages,136,134,133.25,14.51,7.8,0,6,14.93,1.31,171.8
SKU-109,Plant Protein Powder 900g,Health & Nutrition,66,118,105.68,38.71,19.5,0,6,41.91,0.91,100.0
SKU-105,Wireless Ergonomic Mouse,Electronics,214,203,199.68,32.88,16.0,5,9,35.82,1.02,209.8
SKU-107,Hydrating Facial Cleanser 200ml,Personal Care,291,17,18.55,15.48,6.5,15,5,16.67,1.17,25.5
SKU-104,Extra Virgin Olive Oil 750ml,Pantry,187,215,217.5,17.56,10.5,0,7,17.05,1.09,252.7
SKU-106,Eco Bamboo Paper Towels 6pk,Household,261,242,263.08,11.63,5.2,0,3,11.7,1.05,277.9
SKU-103,Premium Colombian Coffee 500g,Beverages,63,125,118.81,14.53,7.8,5,4,13.79,1.11,148.0
SKU-106,Eco Bamboo Paper Towels 6pk,Household,262,244,234.23,12.05,5.2,0,5,12.4,1.33,331.7
SKU-103,Premium Colombian Coffee 500g,Beverages,114,200,209.8,15.7,7.8,5,4,16.87,1.03,231.7
SKU-107,Hydrating Facial Cleanser 200ml,Personal Care,343,210,227.68,17.09,6.5,0,3,15.73,1.07,226.3
SKU-103,Premium Colombian Coffee 500g,Beverages,202,121,110.36,13.67,7.8,15,5,13.98,0.92,121.4
SKU-106,Eco Bamboo Paper Towels 6pk,Household,250,45,42.94,10.68,5.2,30,4,10.42,0.87,50.4
SKU-105,Wireless Ergonomic Mouse,Electronics,147,30,32.61,34.2,16.0,0,9,34.23,1.17,34.5
SKU-109,Plant Protein Powder 900g,Health & Nutrition,101,142,133.82,36.63,19.5,0,8,40.19,0.97,134.8
SKU-108,Organic Honeycrisp Apples 1kg,Produce,335,164,173.08,7.33,3.1,25,3,7.72,1.04,237.6
SKU-108,Organic Honeycrisp Apples 1kg,Produce,337,78,83.68,7.46,3.1,0,1,7.45,1.16,92.6
SKU-107,Hydrating Facial Cleanser 200ml,Personal Care,185,66,62.55,17.18,6.5,0,4,18.51,1.19,77.1
SKU-106,Eco Bamboo Paper Towels 6pk,Household,182,130,117.84,11.55,5.2,0,4,10.7,0.9,111.7
SKU-110,Dark Chocolate Sea Salt Bark,Snacks,119,57,61.24,7.46,3.4,5,2,8.12,0.99,59.7
SKU-101,Organic Almond Milk 1L,Groceries,276,89,87.39,4.39,2.2,0,3,4.81,1.2,109.1
SKU-101,Organic Almond Milk 1L,Groceries,115,155,170.47,4.36,2.2,0,2,4.52,1.19,194.0
SKU-105,Wireless Ergonomic Mouse,Electronics,158,53,52.86,32.94,16.0,10,11,30.94,0.86,51.8
SKU-104,Extra Virgin Olive Oil 750ml,Pantry,191,107,110.13,21.13,10.5,0,6,20.92,1.24,127.0
SKU-104,Extra Virgin Olive Oil 750ml,Pantry,120,239,252.43,19.71,10.5,20,6,18.59,1.15,332.0
SKU-104,Extra Virgin Olive Oil 750ml,Pantry,147,203,219.84,17.18,10.5,30,6,18.77,1.17,391.0
SKU-110,Dark Chocolate Sea Salt Bark,Snacks,278,154,164.05,8.85,3.4,0,3,9.57,1.19,184.6
SKU-107,Hydrating Facial Cleanser 200ml,Personal Care,103,33,32.9,16.63,6.5,0,4,18.15,1.04,37.1
SKU-105,Wireless Ergonomic Mouse,Electronics,310,77,73.84,31.93,16.0,0,11,30.62,1.23,89.1
SKU-101,Organic Almond Milk 1L,Groceries,8,204,186.27,4.91,2.2,15,2,4.99,1.27,311.1
SKU-105,Wireless Ergonomic Mouse,Electronics,58,30,29.04,30.01,16.0,0,11,30.29,1.28,37.6
SKU-109,Plant Protein Powder 900g,Health & Nutrition,151,110,114.95,33.68,19.5,10,6,36.31,1.01,137.4
SKU-108,Organic Honeycrisp Apples 1kg,Produce,345,245,260.23,6.67,3.1,10,1,6.26,1.14,313.3
SKU-102,Artisan Sourdough Loaf,Bakery,87,19,19.48,5.81,2.1,20,1,5.64,1.08,25.6
SKU-103,Premium Colombian Coffee 500g,Beverages,149,205,219.78,15.2,7.8,10,4,15.64,1.04,262.0
SKU-104,Extra Virgin Olive Oil 750ml,Pantry,72,77,77.67,18.73,10.5,5,8,17.54,0.96,69.6
SKU-102,Artisan Sourdough Loaf,Bakery,340,102,100.75,6.2,2.1,0,2,5.88,1.09,105.1
SKU-103,Premium Colombian Coffee 500g,Beverages,13,23,22.99,15.57,7.8,10,4,16.31,1.18,36.4
SKU-103,Premium Colombian Coffee 500g,Beverages,349,29,27.79,14.03,7.8,15,5,14.26,1.3,46.1
SKU-101,Organic Almond Milk 1L,Groceries,13,94,95.93,4.4,2.2,0,4,4.22,1.11,99.6
SKU-108,Organic Honeycrisp Apples 1kg,Produce,263,125,127.2,7.35,3.1,20,2,7.19,1.17,179.4
SKU-106,Eco Bamboo Paper Towels 6pk,Household,297,30,31.61,12.66,5.2,0,4,13.16,1.22,39.1
SKU-104,Extra Virgin Olive Oil 750ml,Pantry,79,88,93.36,17.67,10.5,0,6,19.01,1.05,96.3
SKU-108,Organic Honeycrisp Apples 1kg,Produce,139,169,165.94,6.09,3.1,20,2,6.16,1.34,309.3
SKU-107,Hydrating Facial Cleanser 200ml,Personal Care,326,81,75.81,18.41,6.5,0,3,18.98,1.09,95.3
SKU-103,Premium Colombian Coffee 500g,Beverages,137,158,146.49,14.43,7.8,0,6,15.76,0.96,148.4
SKU-107,Hydrating Facial Cleanser 200ml,Personal Care,14,19,19.78,17.51,6.5,20,5,16.63,0.89,22.8
SKU-105,Wireless Ergonomic Mouse,Electronics,122,108,99.45,28.9,16.0,0,9,29.48,1.2,124.1
SKU-110,Dark Chocolate Sea Salt Bark,Snacks,257,205,196.12,7.52,3.4,5,2,7.53,1.1,226.1
SKU-105,Wireless Ergonomic Mouse,Electronics,171,41,39.44,34.22,16.0,5,11,35.35,1.1,48.9
SKU-108,Organic Honeycrisp Apples 1kg,Produce,18,94,86.03,6.74,3.1,15,3,6.54,1.23,125.0
SKU-107,Hydrating Facial Cleanser 200ml,Personal Care,113,109,118.04,16.76,6.5,10,4,17.56,1.23,142.9
SKU-108,Organic Honeycrisp Apples 1kg,Produce,189,248,225.81,5.96,3.1,20,1,5.81,1.04,301.1
SKU-108,Organic Honeycrisp Apples 1kg,Produce,111,76,73.14,6.51,3.1,15,1,6.59,1.18,110.3
SKU-105,Wireless Ergonomic Mouse,Electronics,181,26,26.46,33.39,16.0,0,11,35.99,0.94,24.5
SKU-109,Plant Protein Powder 900g,Health & Nutrition,78,168,150.31,36.09,19.5,5,8,34.14,0.91,152.0
SKU-109,Plant Protein Powder 900g,Health & Nutrition,149,121,113.41,38.8,19.5,15,6,41.45,1.2,164.6
SKU-103,Premium Colombian Coffee 500g,Beverages,324,121,126.57,15.88,7.8,15,6,15.25,0.85,112.9
SKU-101,Organic Almond Milk 1L,Groceries,152,234,258.62,5.07,2.2,5,4,4.99,0.88,205.0
SKU-104,Extra Virgin Olive Oil 750ml,Pantry,178,38,35.92,20.5,10.5,30,6,20.68,1.15,52.4
SKU-102,Artisan Sourdough Loaf,Bakery,43,229,244.42,6.52,2.1,10,3,6.73,1.19,322.5
SKU-106,Eco Bamboo Paper Towels 6pk,Household,182,246,259.71,12.57,5.2,20,5,12.05,1.09,329.9
SKU-103,Premium Colombian Coffee 500g,Beverages,209,40,43.48,16.64,7.8,10,4,16.81,1.15,57.3
SKU-106,Eco Bamboo Paper Towels 6pk,Household,215,214,206.65,10.65,5.2,5,5,11.19,1.18,257.8
SKU-108,Organic Honeycrisp Apples 1kg,Produce,96,106,101.25,6.59,3.1,0,3,7.09,1.26,137.6
SKU-103,Premium Colombian Coffee 500g,Beverages,267,198,218.47,14.41,7.8,10,5,13.97,0.94,218.8
SKU-102,Artisan Sourdough Loaf,Bakery,230,166,180.0,6.3,2.1,20,1,6.1,1.17,250.6
SKU-105,Wireless Ergonomic Mouse,Electronics,239,145,150.62,31.43,16.0,15,9,32.15,1.12,178.0
SKU-104,Extra Virgin Olive Oil 750ml,Pantry,228,54,56.51,19.63,10.5,10,7,19.38,1.23,82.0
SKU-110,Dark Chocolate Sea Salt Bark,Snacks,163,145,128.0,8.58,3.4,0,4,9.35,1.11,172.9
SKU-104,Extra Virgin Olive Oil 750ml,Pantry,21,126,119.83,19.03,10.5,0,7,20.86,1.13,155.2
SKU-102,Artisan Sourdough Loaf,Bakery,60,138,145.45,6.04,2.1,10,2,5.93,1.05,166.8
SKU-108,Organic Honeycrisp Apples 1kg,Produce,211,101,90.91,5.93,3.1,0,1,5.53,1.16,106.0
SKU-103,Premium Colombian Coffee 500g,Beverages,180,169,159.77,16.76,7.8,5,6,16.34,1.29,216.0
SKU-107,Hydrating Facial Cleanser 200ml,Personal Care,204,96,100.84,16.84,6.5,20,4,16.87,1.05,136.8
SKU-106,Eco Bamboo Paper Towels 6pk,Household,234,187,174.06,10.76,5.2,0,5,11.79,1.06,238.4
SKU-104,Extra Virgin Olive Oil 750ml,Pantry,128,248,273.45,18.07,10.5,0,6,19.36,1.0,237.6
SKU-106,Eco Bamboo Paper Towels 6pk,Household,179,182,173.07,12.01,5.2,25,3,12.8,1.05,228.2
SKU-109,Plant Protein Powder 900g,Health & Nutrition,185,216,203.88,35.99,19.5,0,6,37.39,1.21,256.2
SKU-101,Organic Almond Milk 1L,Groceries,220,63,60.55,4.57,2.2,0,4,4.83,1.22,79.2
SKU-103,Premium Colombian Coffee 500g,Beverages,160,158,155.46,13.76,7.8,5,4,14.4,0.91,157.8
SKU-109,Plant Protein Powder 900g,Health & Nutrition,69,35,38.67,34.8,19.5,10,6,36.98,0.91,39.4
SKU-101,Organic Almond Milk 1L,Groceries,117,116,115.81,4.34,2.2,15,2,4.62,1.08,149.8
SKU-108,Organic Honeycrisp Apples 1kg,Produce,308,156,174.2,7.36,3.1,20,3,7.95,1.06,231.3
SKU-110,Dark Chocolate Sea Salt Bark,Snacks,195,181,200.57,7.68,3.4,15,4,7.79,1.24,304.3
SKU-110,Dark Chocolate Sea Salt Bark,Snacks,181,126,134.87,7.91,3.4,25,4,8.04,1.33,219.8
SKU-109,Plant Protein Powder 900g,Health & Nutrition,112,29,31.33,38.35,19.5,0,7,39.66,1.17,38.9
SKU-110,Dark Chocolate Sea Salt Bark,Snacks,132,64,61.21,7.67,3.4,10,4,7.21,1.23,82.6
SKU-101,Organic Almond Milk 1L,Groceries,73,46,43.42,4.53,2.2,0,3,4.8,0.99,46.5
SKU-110,Dark Chocolate Sea Salt Bark,Snacks,238,153,168.96,7.21,3.4,0,3,6.88,0.91,151.1
SKU-103,Premium Colombian Coffee 500g,Beverages,284,68,64.91,17.18,7.8,20,4,17.26,1.32,116.1
SKU-106,Eco Bamboo Paper Towels 6pk,Household,48,36,38.06,13.1,5.2,10,3,13.4,1.29,53.6
SKU-101,Organic Almond Milk 1L,Groceries,279,32,32.01,4.81,2.2,15,3,4.93,1.13,45.8
SKU-103,Premium Colombian Coffee 500g,Beverages,37,163,166.78,14.68,7.8,5,6,14.16,0.91,163.8
SKU-108,Organic Honeycrisp Apples 1kg,Produce,169,208,205.57,6.65,3.1,5,1,6.65,1.22,305.6
SKU-103,Premium Colombian Coffee 500g,Beverages,48,193,180.19,13.7,7.8,15,4,12.98,1.02,217.0
SKU-106,Eco Bamboo Paper Towels 6pk,Household,189,179,187.76,11.76,5.2,25,5,11.85,0.98,235.0
SKU-108,Organic Honeycrisp Apples 1kg,Produce,63,109,114.68,7.26,3.1,0,3,7.73,0.97,108.0
SKU-107,Hydrating Facial Cleanser 200ml,Personal Care,101,196,192.93,16.7,6.5,0,3,17.66,1.0,203.9
SKU-110,Dark Chocolate Sea Salt Bark,Snacks,341,82,78.26,8.23,3.4,10,3,8.14,1.26,103.5
SKU-104,Extra Virgin Olive Oil 750ml,Pantry,227,33,32.35,21.01,10.5,15,8,19.66,1.27,50.0
SKU-104,Extra Virgin Olive Oil 750ml,Pantry,158,207,202.24,17.67,10.5,5,8,18.0,1.14,265.9
SKU-106,Eco Bamboo Paper Towels 6pk,Household,27,203,224.6,10.62,5.2,0,3,10.72,1.02,235.8
SKU-110,Dark Chocolate Sea Salt Bark,Snacks,316,130,141.88,7.98,3.4,0,2,7.84,1.13,149.5
SKU-101,Organic Almond Milk 1L,Groceries,67,237,228.8,4.32,2.2,10,3,4.36,1.06,319.2
SKU-101,Organic Almond Milk 1L,Groceries,157,244,264.12,4.24,2.2,25,2,4.16,1.23,384.4
SKU-105,Wireless Ergonomic Mouse,Electronics,167,184,169.61,31.42,16.0,10,10,30.85,1.29,277.2
SKU-103,Premium Colombian Coffee 500g,Beverages,124,28,31.35,16.31,7.8,20,4,16.92,0.91,33.2
SKU-105,Wireless Ergonomic Mouse,Electronics,193,200,216.1,28.21,16.0,20,9,29.44,0.91,242.5
SKU-105,Wireless Ergonomic Mouse,Electronics,274,60,56.9,30.78,16.0,5,11,32.78,1.14,76.4
SKU-102,Artisan Sourdough Loaf,Bakery,307,28,24.84,5.66,2.1,30,1,5.94,1.12,39.8
SKU-108,Organic Honeycrisp Apples 1kg,Produce,255,205,213.11,6.39,3.1,0,1,6.55,0.97,204.0
SKU-108,Organic Honeycrisp Apples 1kg,Produce,145,138,134.55,6.13,3.1,20,1,5.65,0.93,150.0
SKU-101,Organic Almond Milk 1L,Groceries,110,140,129.88,4.61,2.2,0,3,4.8,0.88,123.9
SKU-102,Artisan Sourdough Loaf,Bakery,344,77,77.51,6.17,2.1,25,1,6.29,1.04,111.3
SKU-109,Plant Protein Powder 900g,Health & Nutrition,127,197,186.85,38.88,19.5,5,8,41.57,1.31,283.7
SKU-104,Extra Virgin Olive Oil 750ml,Pantry,340,69,60.74,19.96,10.5,0,8,18.74,0.88,50.9
SKU-109,Plant Protein Powder 900g,Health & Nutrition,70,147,134.11,32.81,19.5,15,8,35.43,0.92,155.1
SKU-109,Plant Protein Powder 900g,Health & Nutrition,162,208,198.26,40.15,19.5,0,7,41.72,1.07,230.5
SKU-101,Organic Almond Milk 1L,Groceries,46,239,263.42,5.06,2.2,5,4,4.98,1.21,306.0
SKU-105,Wireless Ergonomic Mouse,Electronics,264,245,267.36,29.09,16.0,0,11,27.35,0.85,198.5
SKU-106,Eco Bamboo Paper Towels 6pk,Household,250,161,141.9,10.88,5.2,0,3,10.72,1.0,155.6
SKU-105,Wireless Ergonomic Mouse,Electronics,197,152,141.41,27.55,16.0,5,9,28.4,1.22,188.9
SKU-101,Organic Almond Milk 1L,Groceries,335,103,102.1,4.14,2.2,10,3,4.02,0.88,96.8
SKU-101,Organic Almond Milk 1L,Groceries,174,161,148.98,4.57,2.2,15,4,4.64,0.98,172.8
SKU-107,Hydrating Facial Cleanser 200ml,Personal Care,332,210,199.14,16.83,6.5,5,5,18.45,1.34,322.1
SKU-101,Organic Almond Milk 1L,Groceries,105,118,121.8,4.91,2.2,0,2,5.04,0.96,113.3
SKU-102,Artisan Sourdough Loaf,Bakery,331,25,24.36,6.01,2.1,5,1,6.42,0.91,25.7
SKU-102,Artisan Sourdough Loaf,Bakery,29,73,75.5,5.8,2.1,5,3,6.16,1.27,110.3
SKU-105,Wireless Ergonomic Mouse,Electronics,143,170,178.56,27.07,16.0,5,10,29.01,1.26,236.2
SKU-106,Eco Bamboo Paper Towels 6pk,Household,9,182,167.05,11.07,5.2,0,5,12.08,1.02,181.0
SKU-102,Artisan Sourdough Loaf,Bakery,49,113,101.3,6.16,2.1,5,2,6.52,1.11,125.3
SKU-107,Hydrating Facial Cleanser 200ml,Personal Care,276,103,102.94,16.75,6.5,0,4,16.61,1.11,124.0
SKU-106,Eco Bamboo Paper Towels 6pk,Household,301,25,25.92,12.56,5.2,20,5,12.67,0.93,25.2
SKU-107,Hydrating Facial Cleanser 200ml,Personal Care,150,39,43.52,18.94,6.5,10,4,20.63,1.31,59.0
SKU-103,Premium Colombian Coffee 500g,Beverages,348,106,112.15,14.94,7.8,0,6,15.35,0.97,99.3
SKU-107,Hydrating Facial Cleanser 200ml,Personal Care,177,79,84.7,19.19,6.5,10,3,20.43,1.09,108.0
SKU-110,Dark Chocolate Sea Salt Bark,Snacks,74,36,36.07,7.52,3.4,5,3,8.05,1.14,42.6
SKU-110,Dark Chocolate Sea Salt Bark,Snacks,198,179,197.12,7.94,3.4,25,2,8.62,1.26,310.4
SKU-110,Dark Chocolate Sea Salt Bark,Snacks,140,219,211.6,8.39,3.4,0,2,7.8,1.14,245.9
SKU-103,Premium Colombian Coffee 500g,Beverages,169,106,97.35,14.98,7.8,10,6,16.34,1.14,157.3
SKU-107,Hydrating Facial Cleanser 200ml,Personal Care,107,184,165.22,19.18,6.5,0,5,20.97,0.99,194.1
SKU-101,Organic Almond Milk 1L,Groceries,261,40,41.53,4.4,2.2,15,2,4.21,0.97,44.4
SKU-101,Organic Almond Milk 1L,Groceries,338,205,218.81,4.28,2.2,15,3,4.55,1.1,260.9
SKU-106,Eco Bamboo Paper Towels 6pk,Household,30,217,204.38,10.99,5.2,5,4,11.1,1.22,274.3
SKU-109,Plant Protein Powder 900g,Health & Nutrition,121,183,194.86,35.54,19.5,15,8,37.4,0.93,236.8
SKU-104,Extra Virgin Olive Oil 750ml,Pantry,180,47,49.8,18.82,10.5,15,8,19.84,1.21,76.6
SKU-109,Plant Protein Powder 900g,Health & Nutrition,232,88,90.91,31.57,19.5,0,7,33.89,1.27,126.3
SKU-109,Plant Protein Powder 900g,Health & Nutrition,88,234,225.31,32.42,19.5,5,8,34.31,0.98,227.6
SKU-101,Organic Almond Milk 1L,Groceries,310,31,32.04,5.1,2.2,0,2,5.36,1.32,43.9
SKU-106,Eco Bamboo Paper Towels 6pk,Household,278,192,181.27,11.71,5.2,20,4,11.35,1.06,225.8
SKU-102,Artisan Sourdough Loaf,Bakery,328,141,157.76,5.99,2.1,10,2,5.9,1.2,214.5
SKU-104,Extra Virgin Olive Oil 750ml,Pantry,173,167,148.28,16.66,10.5,0,8,17.62,0.87,144.5
SKU-104,Extra Virgin Olive Oil 750ml,Pantry,340,149,164.22,19.63,10.5,5,8,21.35,1.24,187.0
SKU-109,Plant Protein Powder 900g,Health & Nutrition,33,200,211.46,36.96,19.5,30,8,37.55,0.87,244.0
SKU-110,Dark Chocolate Sea Salt Bark,Snacks,264,221,235.05,7.24,3.4,5,2,7.02,1.17,259.2
SKU-103,Premium Colombian Coffee 500g,Beverages,313,245,267.47,15.65,7.8,0,6,15.42,1.05,274.6
SKU-101,Organic Almond Milk 1L,Groceries,284,156,171.59,4.1,2.2,0,3,4.35,1.21,214.3
SKU-101,Organic Almond Milk 1L,Groceries,24,206,185.47,4.74,2.2,0,3,4.4,1.34,240.8
SKU-107,Hydrating Facial Cleanser 200ml,Personal Care,297,212,234.87,18.98,6.5,5,3,18.61,0.93,225.0
SKU-104,Extra Virgin Olive Oil 750ml,Pantry,103,244,257.37,19.63,10.5,0,7,18.18,0.94,227.1
SKU-102,Artisan Sourdough Loaf,Bakery,258,182,185.48,5.65,2.1,0,3,5.7,1.24,245.5
SKU-106,Eco Bamboo Paper Towels 6pk,Household,107,100,110.47,10.5,5.2,10,3,11.34,0.94,115.1
SKU-108,Organic Honeycrisp Apples 1kg,Produce,302,205,215.77,7.02,3.1,0,2,7.37,0.96,198.8
SKU-103,Premium Colombian Coffee 500g,Beverages,118,111,122.45,14.78,7.8,30,6,16.02,0.87,158.3
SKU-101,Organic Almond Milk 1L,Groceries,318,44,46.68,4.57,2.2,0,3,4.42,1.03,46.9
SKU-101,Organic Almond Milk 1L,Groceries,272,157,161.3,4.64,2.2,0,2,4.64,1.19,167.7
SKU-104,Extra Virgin Olive Oil 750ml,Pantry,218,208,188.18,17.7,10.5,0,6,17.25,1.24,230.1
SKU-108,Organic Honeycrisp Apples 1kg,Produce,156,211,189.68,5.99,3.1,5,3,5.66,1.11,239.9
SKU-110,Dark Chocolate Sea Salt Bark,Snacks,235,139,134.12,8.78,3.4,5,4,8.58,1.23,181.3
SKU-101,Organic Almond Milk 1L,Groceries,263,195,211.73,4.04,2.2,0,4,4.25,0.9,169.7
SKU-105,Wireless Ergonomic Mouse,Electronics,172,94,95.53,33.23,16.0,25,9,35.06,0.94,109.5
SKU-104,Extra Virgin Olive Oil 750ml,Pantry,16,171,168.49,21.06,10.5,10,6,20.21,1.0,200.6
SKU-107,Hydrating Facial Cleanser 200ml,Personal Care,249,120,114.96,17.29,6.5,20,4,16.29,0.92,118.9
SKU-107,Hydrating Facial Cleanser 200ml,Personal Care,329,102,97.91,16.04,6.5,10,3,16.13,1.01,110.5
SKU-103,Premium Colombian Coffee 500g,Beverages,220,194,206.08,16.81,7.8,15,4,18.27,0.87,230.3
SKU-105,Wireless Ergonomic Mouse,Electronics,57,38,35.81,28.32,16.0,0,9,30.69,1.22,41.2
SKU-109,Plant Protein Powder 900g,Health & Nutrition,313,80,81.52,33.26,19.5,0,6,33.62,1.29,96.6
SKU-105,Wireless Ergonomic Mouse,Electronics,219,83,84.25,27.74,16.0,25,9,26.22,1.0,115.1
SKU-108,Organic Honeycrisp Apples 1kg,Produce,146,101,89.5,6.88,3.1,20,1,7.43,1.3,139.9
SKU-106,Eco Bamboo Paper Towels 6pk,Household,230,138,131.93,11.08,5.2,0,3,11.36,0.92,144.5
SKU-106,Eco Bamboo Paper Towels 6pk,Household,109,221,233.88,12.93,5.2,20,5,14.2,1.17,337.8
SKU-103,Premium Colombian Coffee 500g,Beverages,216,75,82.36,13.57,7.8,0,4,14.24,0.87,63.5
SKU-101,Organic Almond Milk 1L,Groceries,338,112,118.92,4.3,2.2,0,3,4.08,1.34,136.1
SKU-101,Organic Almond Milk 1L,Groceries,171,71,65.35,5.13,2.2,10,3,5.63,0.96,74.2
SKU-104,Extra Virgin Olive Oil 750ml,Pantry,174,142,147.97,19.58,10.5,5,8,19.97,1.2,187.3
SKU-105,Wireless Ergonomic Mouse,Electronics,55,192,169.91,28.86,16.0,20,9,30.28,1.28,282.8
SKU-102,Artisan Sourdough Loaf,Bakery,47,213,218.15,6.41,2.1,30,2,6.17,1.07,357.8
SKU-108,Organic Honeycrisp Apples 1kg,Produce,132,167,169.69,6.74,3.1,0,1,6.77,1.28,212.3
SKU-104,Extra Virgin Olive Oil 750ml,Pantry,169,198,211.49,19.05,10.5,20,8,18.87,0.94,187.9
SKU-105,Wireless Ergonomic Mouse,Electronics,168,75,72.59,30.25,16.0,0,10,30.31,1.16,76.5
SKU-106,Eco Bamboo Paper Towels 6pk,Household,12,230,209.33,11.54,5.2,0,5,11.65,1.08,238.5
SKU-103,Premium Colombian Coffee 500g,Beverages,190,30,31.89,15.09,7.8,10,4,15.86,1.06,33.7
SKU-101,Organic Almond Milk 1L,Groceries,69,103,106.46,4.6,2.2,20,2,4.96,1.06,142.5
SKU-102,Artisan Sourdough Loaf,Bakery,252,223,208.38,6.78,2.1,15,1,7.17,0.97,248.0
SKU-103,Premium Colombian Coffee 500g,Beverages,169,64,69.39,15.09,7.8,30,4,15.85,1.21,121.8
SKU-108,Organic Honeycrisp Apples 1kg,Produce,105,225,246.1,7.43,3.1,15,2,7.51,1.2,331.6
SKU-110,Dark Chocolate Sea Salt Bark,Snacks,214,185,205.65,7.71,3.4,0,3,7.85,1.19,206.6
SKU-105,Wireless Ergonomic Mouse,Electronics,149,92,99.96,30.54,16.0,15,9,31.29,1.02,106.7
SKU-109,Plant Protein Powder 900g,Health & Nutrition,49,79,79.87,33.36,19.5,5,8,32.6,1.1,89.0
SKU-109,Plant Protein Powder 900g,Health & Nutrition,207,19,19.91,33.7,19.5,0,7,33.45,0.86,16.8
SKU-106,Eco Bamboo Paper Towels 6pk,Household,288,58,54.01,11.12,5.2,0,4,11.26,1.32,74.7
SKU-109,Plant Protein Powder 900g,Health & Nutrition,323,27,26.09,38.6,19.5,10,8,40.93,0.89,26.2
SKU-110,Dark Chocolate Sea Salt Bark,Snacks,324,152,135.53,8.4,3.4,20,4,8.61,1.04,188.1
SKU-107,Hydrating Facial Cleanser 200ml,Personal Care,171,239,248.62,15.54,6.5,10,3,16.77,1.19,314.9
SKU-103,Premium Colombian Coffee 500g,Beverages,49,198,200.1,14.07,7.8,0,4,14.81,1.26,263.7
SKU-110,Dark Chocolate Sea Salt Bark,Snacks,196,113,107.51,9.01,3.4,0,2,8.92,1.06,118.7
SKU-105,Wireless Ergonomic Mouse,Electronics,340,180,166.64,31.14,16.0,0,10,34.01,1.24,231.8
SKU-102,Artisan Sourdough Loaf,Bakery,349,182,185.49,5.52,2.1,10,1,5.24,1.31,233.1
SKU-104,Extra Virgin Olive Oil 750ml,Pantry,173,82,80.08,20.07,10.5,30,7,20.11,1.07,121.0
SKU-102,Artisan Sourdough Loaf,Bakery,276,139,129.03,5.82,2.1,15,2,5.85,0.89,148.4
SKU-110,Dark Chocolate Sea Salt Bark,Snacks,5,195,178.93,8.67,3.4,10,2,8.07,1.28,278.9
SKU-104,Extra Virgin Olive Oil 750ml,Pantry,209,156,159.98,18.34,10.5,25,6,18.53,0.92,186.2
SKU-103,Premium Colombian Coffee 500g,Beverages,302,56,56.18,16.54,7.8,15,6,17.56,0.98,66.2
SKU-105,Wireless Ergonomic Mouse,Electronics,332,244,265.57,33.69,16.0,20,11,34.28,1.09,346.7
SKU-102,Artisan Sourdough Loaf,Bakery,214,190,190.24,6.36,2.1,5,2,6.41,1.33,294.9
SKU-102,Artisan Sourdough Loaf,Bakery,104,78,79.7,6.3,2.1,0,2,6.7,0.97,73.0
SKU-108,Organic Honeycrisp Apples 1kg,Produce,159,60,60.78,6.46,3.1,0,3,6.69,0.94,51.9
SKU-109,Plant Protein Powder 900g,Health & Nutrition,226,83,79.93,38.02,19.5,20,6,37.55,0.89,95.1
SKU-102,Artisan Sourdough Loaf,Bakery,267,170,179.53,5.97,2.1,5,2,5.65,1.2,226.8
SKU-109,Plant Protein Powder 900g,Health & Nutrition,117,174,173.0,40.18,19.5,15,7,43.85,1.29,258.1
SKU-110,Dark Chocolate Sea Salt Bark,Snacks,12,122,114.73,7.93,3.4,0,3,8.04,1.08,129.5
SKU-103,Premium Colombian Coffee 500g,Beverages,294,101,99.16,14.84,7.8,15,6,15.05,1.16,134.7
SKU-109,Plant Protein Powder 900g,Health & Nutrition,258,46,48.36,35.3,19.5,0,6,32.79,1.33,57.4
SKU-107,Hydrating Facial Cleanser 200ml,Personal Care,53,72,64.21,18.9,6.5,0,5,20.58,1.12,84.3
SKU-103,Premium Colombian Coffee 500g,Beverages,107,17,15.92,14.01,7.8,10,6,13.31,1.15,22.0
SKU-108,Organic Honeycrisp Apples 1kg,Produce,117,184,200.86,6.88,3.1,0,2,6.64,1.13,204.1
SKU-109,Plant Protein Powder 900g,Health & Nutrition,189,198,189.93,34.31,19.5,10,7,36.88,1.2,282.0
SKU-105,Wireless Ergonomic Mouse,Electronics,203,111,118.04,31.36,16.0,0,10,33.89,0.87,104.9
SKU-108,Organic Honeycrisp Apples 1kg,Produce,209,238,212.53,6.81,3.1,5,1,6.67,1.33,325.3
SKU-104,Extra Virgin Olive Oil 750ml,Pantry,59,55,52.51,18.13,10.5,10,7,18.71,1.0,62.6
SKU-104,Extra Virgin Olive Oil 750ml,Pantry,111,124,112.91,19.65,10.5,0,8,19.42,1.28,159.4
SKU-106,Eco Bamboo Paper Towels 6pk,Household,159,153,157.77,12.77,5.2,0,4,12.56,0.99,156.4
SKU-106,Eco Bamboo Paper Towels 6pk,Household,60,208,203.5,13.19,5.2,5,4,13.45,1.09,223.9
SKU-107,Hydrating Facial Cleanser 200ml,Personal Care,193,128,129.94,17.81,6.5,10,4,17.97,1.2,165.6
SKU-104,Extra Virgin Olive Oil 750ml,Pantry,144,174,155.49,19.26,10.5,0,7,21.01,1.31,235.2
SKU-106,Eco Bamboo Paper Towels 6pk,Household,281,190,206.82,11.88,5.2,15,4,11.23,1.15,241.7
SKU-109,Plant Protein Powder 900g,Health & Nutrition,202,233,253.93,32.67,19.5,0,6,32.16,0.9,214.8
SKU-101,Organic Almond Milk 1L,Groceries,132,211,212.28,4.27,2.2,5,2,4.36,0.96,212.4
SKU-104,Extra Virgin Olive Oil 750ml,Pantry,172,240,236.77,20.14,10.5,15,7,19.49,1.06,296.9
SKU-106,Eco Bamboo Paper Towels 6pk,Household,114,32,35.01,12.78,5.2,30,5,13.32,1.03,43.5
SKU-109,Plant Protein Powder 900g,Health & Nutrition,292,148,143.82,39.67,19.5,5,8,40.34,1.22,201.3
SKU-102,Artisan Sourdough Loaf,Bakery,318,182,178.62,6.37,2.1,0,3,5.94,0.9,166.4
SKU-108,Organic Honeycrisp Apples 1kg,Produce,211,63,58.18,5.86,3.1,15,1,6.31,1.33,97.5
SKU-108,Organic Honeycrisp Apples 1kg,Produce,284,31,33.22,6.24,3.1,15,3,5.82,0.96,33.2
SKU-105,Wireless Ergonomic Mouse,Electronics,22,205,228.02,30.57,16.0,15,11,30.16,0.86,213.2
SKU-105,Wireless Ergonomic Mouse,Electronics,329,210,201.25,32.45,16.0,0,9,33.71,0.99,206.8
SKU-102,Artisan Sourdough Loaf,Bakery,239,226,212.04,5.92,2.1,30,1,6.06,0.97,300.9
SKU-110,Dark Chocolate Sea Salt Bark,Snacks,130,77,83.49,7.52,3.4,15,3,7.63,1.17,99.9
SKU-105,Wireless Ergonomic Mouse,Electronics,174,156,142.72,32.98,16.0,20,9,33.2,0.92,189.1
SKU-101,Organic Almond Milk 1L,Groceries,182,68,68.43,4.55,2.2,10,2,4.9,0.94,67.3
SKU-106,Eco Bamboo Paper Towels 6pk,Household,263,184,176.11,12.42,5.2,0,5,13.11,0.94,187.5
SKU-108,Organic Honeycrisp Apples 1kg,Produce,126,234,260.78,7.04,3.1,0,2,6.81,1.14,258.9
SKU-110,Dark Chocolate Sea Salt Bark,Snacks,7,67,75.03,8.18,3.4,15,2,7.53,0.96,81.3
SKU-110,Dark Chocolate Sea Salt Bark,Snacks,80,131,125.09,8.15,3.4,0,4,8.03,0.89,108.0
SKU-104,Extra Virgin Olive Oil 750ml,Pantry,72,225,244.59,19.0,10.5,5,6,18.77,1.19,270.6
SKU-105,Wireless Ergonomic Mouse,Electronics,27,37,35.68,33.27,16.0,0,9,36.25,1.18,46.9
SKU-103,Premium Colombian Coffee 500g,Beverages,92,102,108.77,15.72,7.8,10,4,16.61,0.98,118.4
SKU-105,Wireless Ergonomic Mouse,Electronics,231,62,60.95,30.7,16.0,0,11,33.52,1.26,83.2
SKU-109,Plant Protein Powder 900g,Health & Nutrition,336,21,23.14,38.94,19.5,5,7,37.43,0.88,21.6
SKU-109,Plant Protein Powder 900g,Health & Nutrition,185,150,164.04,37.18,19.5,5,7,39.92,1.25,215.2
SKU-105,Wireless Ergonomic Mouse,Electronics,175,45,48.84,31.4,16.0,20,11,34.19,1.21,65.1
SKU-105,Wireless Ergonomic Mouse,Electronics,237,181,165.12,33.09,16.0,10,10,36.1,0.91,179.8
SKU-110,Dark Chocolate Sea Salt Bark,Snacks,219,35,38.94,7.27,3.4,15,4,7.38,0.88,34.4
SKU-110,Dark Chocolate Sea Salt Bark,Snacks,32,188,176.61,8.86,3.4,5,3,9.69,1.04,217.9
SKU-104,Extra Virgin Olive Oil 750ml,Pantry,32,110,102.36,19.39,10.5,15,7,20.09,1.26,156.9
SKU-101,Organic Almond Milk 1L,Groceries,277,86,85.89,4.19,2.2,30,2,4.46,1.14,148.9
SKU-104,Extra Virgin Olive Oil 750ml,Pantry,6,131,124.71,17.39,10.5,10,7,18.91,0.97,134.6
SKU-102,Artisan Sourdough Loaf,Bakery,210,160,161.37,5.48,2.1,0,1,5.68,1.21,204.3
SKU-102,Artisan Sourdough Loaf,Bakery,306,17,16.92,6.01,2.1,0,2,6.53,1.14,19.7
SKU-108,Organic Honeycrisp Apples 1kg,Produce,6,152,149.11,7.41,3.1,0,3,7.61,1.09,176.0
SKU-105,Wireless Ergonomic Mouse,Electronics,317,170,162.29,29.39,16.0,0,11,30.64,1.03,178.6
SKU-104,Extra Virgin Olive Oil 750ml,Pantry,233,33,35.97,20.62,10.5,5,8,21.58,1.27,42.1
SKU-103,Premium Colombian Coffee 500g,Beverages,231,189,207.01,16.96,7.8,0,6,16.13,1.14,212.9
SKU-106,Eco Bamboo Paper Towels 6pk,Household,162,111,101.91,12.99,5.2,0,3,14.04,1.22,125.7
SKU-110,Dark Chocolate Sea Salt Bark,Snacks,18,74,78.6,8.31,3.4,0,2,8.24,0.96,77.5
SKU-108,Organic Honeycrisp Apples 1kg,Produce,312,214,212.99,7.25,3.1,0,1,7.88,1.11,265.2
SKU-103,Premium Colombian Coffee 500g,Beverages,307,230,232.57,15.39,7.8,0,6,15.67,1.17,254.2
SKU-104,Extra Virgin Olive Oil 750ml,Pantry,326,71,77.43,18.48,10.5,5,8,19.86,1.19,103.5
SKU-110,Dark Chocolate Sea Salt Bark,Snacks,200,22,24.09,7.29,3.4,10,2,6.8,1.08,26.5
SKU-106,Eco Bamboo Paper Towels 6pk,Household,97,181,180.53,10.89,5.2,0,5,10.84,0.9,150.9
SKU-104,Extra Virgin Olive Oil 750ml,Pantry,250,31,34.49,20.75,10.5,0,7,19.55,1.03,32.3
SKU-108,Organic Honeycrisp Apples 1kg,Produce,211,195,206.67,6.72,3.1,20,3,6.34,1.02,239.9
SKU-107,Hydrating Facial Cleanser 200ml,Personal Care,16,74,71.73,15.75,6.5,0,4,15.26,1.26,91.4
SKU-101,Organic Almond Milk 1L,Groceries,99,77,84.61,4.45,2.2,0,4,4.33,1.05,72.6
SKU-103,Premium Colombian Coffee 500g,Beverages,160,92,89.39,15.81,7.8,15,4,15.66,1.13,123.5
SKU-109,Plant Protein Powder 900g,Health & Nutrition,257,187,185.68,33.34,19.5,5,8,36.42,1.26,260.6
SKU-104,Extra Virgin Olive Oil 750ml,Pantry,223,79,86.11,20.2,10.5,0,6,21.25,1.05,73.4
SKU-101,Organic Almond Milk 1L,Groceries,262,22,21.65,4.68,2.2,20,3,5.09,1.07,33.2
SKU-103,Premium Colombian Coffee 500g,Beverages,146,166,147.46,16.82,7.8,10,6,17.42,1.1,202.3
SKU-110,Dark Chocolate Sea Salt Bark,Snacks,46,174,176.64,7.52,3.4,0,4,8.14,1.24,233.2
SKU-101,Organic Almond Milk 1L,Groceries,299,63,56.71,4.74,2.2,0,2,4.5,1.28,75.9
SKU-102,Artisan Sourdough Loaf,Bakery,204,71,73.07,5.66,2.1,15,2,5.26,0.89,71.6
SKU-103,Premium Colombian Coffee 500g,Beverages,295,194,186.04,15.49,7.8,0,4,14.83,0.89,168.5
SKU-110,Dark Chocolate Sea Salt Bark,Snacks,254,146,149.26,7.93,3.4,0,3,7.69,0.87,127.1
SKU-109,Plant Protein Powder 900g,Health & Nutrition,241,163,165.7,34.84,19.5,0,8,33.54,1.31,220.2
SKU-104,Extra Virgin Olive Oil 750ml,Pantry,181,161,146.63,17.88,10.5,20,8,17.5,1.0,196.9
SKU-105,Wireless Ergonomic Mouse,Electronics,319,157,166.62,33.75,16.0,25,10,35.77,0.91,191.3
SKU-101,Organic Almond Milk 1L,Groceries,175,116,120.68,4.52,2.2,5,4,4.21,0.9,114.0
SKU-108,Organic Honeycrisp Apples 1kg,Produce,231,78,74.19,7.21,3.1,0,3,7.46,1.0,78.7
SKU-103,Premium Colombian Coffee 500g,Beverages,207,134,134.94,16.77,7.8,5,4,16.27,1.1,165.4
SKU-103,Premium Colombian Coffee 500g,Beverages,196,172,160.78,14.68,7.8,30,6,14.43,1.28,305.0
SKU-108,Organic Honeycrisp Apples 1kg,Produce,288,15,16.44,6.77,3.1,0,2,7.24,0.87,14.3
SKU-103,Premium Colombian Coffee 500g,Beverages,309,158,155.66,16.21,7.8,20,6,16.88,1.17,254.9
SKU-107,Hydrating Facial Cleanser 200ml,Personal Care,28,41,37.45,16.57,6.5,0,3,17.05,1.23,49.9
SKU-102,Artisan Sourdough Loaf,Bakery,21,72,80.05,5.4,2.1,20,1,5.16,1.16,97.7
SKU-105,Wireless Ergonomic Mouse,Electronics,111,89,90.15,32.47,16.0,0,10,29.94,1.27,113.2
SKU-106,Eco Bamboo Paper Towels 6pk,Household,334,65,63.95,10.91,5.2,5,5,10.27,0.88,60.0
SKU-105,Wireless Ergonomic Mouse,Electronics,212,203,214.53,29.22,16.0,0,10,27.63,1.24,239.8
SKU-105,Wireless Ergonomic Mouse,Electronics,113,165,175.78,33.44,16.0,0,10,34.88,1.32,214.3
SKU-106,Eco Bamboo Paper Towels 6pk,Household,59,210,191.87,12.89,5.2,15,5,12.24,1.08,249.6
SKU-102,Artisan Sourdough Loaf,Bakery,333,216,211.0,5.99,2.1,0,1,5.92,1.03,222.6
SKU-101,Organic Almond Milk 1L,Groceries,323,58,64.46,4.49,2.2,10,2,4.15,0.91,58.6
SKU-108,Organic Honeycrisp Apples 1kg,Produce,35,153,162.88,6.54,3.1,15,1,6.45,1.32,218.9
SKU-101,Organic Almond Milk 1L,Groceries,309,231,255.0,4.31,2.2,15,3,4.3,0.95,274.8
SKU-104,Extra Virgin Olive Oil 750ml,Pantry,171,219,212.87,18.1,10.5,0,8,16.71,0.99,206.7
SKU-103,Premium Colombian Coffee 500g,Beverages,242,159,151.81,17.2,7.8,5,4,17.79,1.23,207.2
SKU-104,Extra Virgin Olive Oil 750ml,Pantry,208,120,131.03,21.14,10.5,5,6,22.63,1.27,175.7
SKU-107,Hydrating Facial Cleanser 200ml,Personal Care,110,213,202.62,18.65,6.5,0,4,19.92,1.06,210.4
SKU-107,Hydrating Facial Cleanser 200ml,Personal Care,187,151,154.43,16.53,6.5,0,4,17.48,1.32,200.9
SKU-101,Organic Almond Milk 1L,Groceries,165,153,159.76,4.46,2.2,5,3,4.37,1.34,232.4
SKU-109,Plant Protein Powder 900g,Health & Nutrition,108,164,179.23,35.22,19.5,0,6,38.11,0.91,161.6
SKU-108,Organic Honeycrisp Apples 1kg,Produce,100,210,229.96,6.51,3.1,0,2,7.0,0.98,226.2
SKU-109,Plant Protein Powder 900g,Health & Nutrition,54,108,120.6,32.37,19.5,5,8,31.57,1.13,118.4
SKU-109,Plant Protein Powder 900g,Health & Nutrition,25,80,88.28,37.47,19.5,0,8,38.82,1.28,112.2
SKU-103,Premium Colombian Coffee 500g,Beverages,113,51,54.95,15.52,7.8,0,5,15.42,1.21,64.8
SKU-105,Wireless Ergonomic Mouse,Electronics,254,150,137.96,30.01,16.0,0,10,29.77,1.32,204.3
SKU-107,Hydrating Facial Cleanser 200ml,Personal Care,98,242,259.36,15.87,6.5,0,3,17.36,1.05,278.0
SKU-104,Extra Virgin Olive Oil 750ml,Pantry,19,221,213.32,17.16,10.5,25,6,17.3,1.02,305.9
SKU-102,Artisan Sourdough Loaf,Bakery,249,233,225.25,5.99,2.1,0,1,5.92,0.92,215.9
SKU-102,Artisan Sourdough Loaf,Bakery,37,182,176.23,5.9,2.1,0,2,6.04,0.95,181.2
SKU-106,Eco Bamboo Paper Towels 6pk,Household,261,226,205.72,11.47,5.2,20,5,12.42,1.12,303.3
SKU-107,Hydrating Facial Cleanser 200ml,Personal Care,303,205,204.08,17.21,6.5,5,3,17.41,0.91,174.0
SKU-107,Hydrating Facial Cleanser 200ml,Personal Care,121,57,60.07,18.74,6.5,10,3,19.29,0.96,55.6
SKU-105,Wireless Ergonomic Mouse,Electronics,209,112,105.38,33.51,16.0,5,10,35.71,1.02,120.5
SKU-107,Hydrating Facial Cleanser 200ml,Personal Care,316,38,40.32,16.46,6.5,5,3,15.4,0.87,31.1
SKU-103,Premium Colombian Coffee 500g,Beverages,120,40,37.61,16.84,7.8,15,4,17.43,0.97,47.0
SKU-104,Extra Virgin Olive Oil 750ml,Pantry,279,138,138.94,21.1,10.5,0,7,21.23,1.29,167.2
SKU-106,Eco Bamboo Paper Towels 6pk,Household,224,169,164.34,12.74,5.2,25,4,13.57,1.3,294.5
SKU-103,Premium Colombian Coffee 500g,Beverages,129,54,47.95,14.94,7.8,25,5,14.39,1.25,79.0
SKU-107,Hydrating Facial Cleanser 200ml,Personal Care,100,144,136.19,15.57,6.5,0,4,14.65,1.08,133.8
SKU-101,Organic Almond Milk 1L,Groceries,12,95,93.14,5.08,2.2,25,2,5.33,1.2,155.8
SKU-110,Dark Chocolate Sea Salt Bark,Snacks,126,109,121.72,8.83,3.4,5,4,9.28,0.9,116.3
SKU-104,Extra Virgin Olive Oil 750ml,Pantry,153,174,165.07,17.82,10.5,0,8,18.0,1.23,227.5
SKU-105,Wireless Ergonomic Mouse,Electronics,12,224,246.25,28.61,16.0,0,10,27.89,1.19,270.9
SKU-101,Organic Almond Milk 1L,Groceries,217,222,235.22,5.15,2.2,0,4,5.12,1.0,206.4
SKU-102,Artisan Sourdough Loaf,Bakery,256,223,206.86,6.51,2.1,0,3,6.94,0.88,198.4
SKU-107,Hydrating Facial Cleanser 200ml,Personal Care,62,120,126.74,16.03,6.5,0,4,17.24,0.87,110.0
SKU-105,Wireless Ergonomic Mouse,Electronics,210,46,45.95,27.79,16.0,0,11,26.31,1.04,46.5
SKU-108,Organic Honeycrisp Apples 1kg,Produce,143,103,105.45,7.23,3.1,0,1,7.55,0.95,102.1
SKU-105,Wireless Ergonomic Mouse,Electronics,71,88,80.0,33.47,16.0,5,11,34.24,1.34,117.8
SKU-110,Dark Chocolate Sea Salt Bark,Snacks,249,77,70.16,8.18,3.4,5,4,8.55,1.07,93.3
SKU-108,Organic Honeycrisp Apples 1kg,Produce,60,233,230.69,7.09,3.1,10,2,6.92,0.87,239.8
SKU-102,Artisan Sourdough Loaf,Bakery,142,29,31.69,6.46,2.1,0,2,6.44,0.96,31.2
SKU-106,Eco Bamboo Paper Towels 6pk,Household,233,236,236.98,10.55,5.2,20,3,11.36,1.07,325.9
SKU-102,Artisan Sourdough Loaf,Bakery,11,27,23.83,5.42,2.1,0,3,5.09,0.93,22.9
SKU-104,Extra Virgin Olive Oil 750ml,Pantry,257,143,155.29,19.79,10.5,0,7,20.21,0.9,137.0
SKU-104,Extra Virgin Olive Oil 750ml,Pantry,207,151,148.46,19.62,10.5,20,8,18.07,1.22,239.9
SKU-110,Dark Chocolate Sea Salt Bark,Snacks,348,173,193.64,8.75,3.4,0,4,8.49,1.35,237.0
SKU-103,Premium Colombian Coffee 500g,Beverages,60,52,54.69,16.12,7.8,30,6,15.7,0.95,69.5
SKU-108,Organic Honeycrisp Apples 1kg,Produce,277,95,101.23,6.77,3.1,0,1,6.75,1.07,94.1
SKU-105,Wireless Ergonomic Mouse,Electronics,281,204,185.92,28.81,16.0,0,9,31.06,1.08,220.4
SKU-107,Hydrating Facial Cleanser 200ml,Personal Care,310,188,204.73,17.98,6.5,20,5,17.39,1.15,274.4
SKU-109,Plant Protein Powder 900g,Health & Nutrition,130,245,219.31,39.39,19.5,20,6,38.47,1.32,394.9
SKU-104,Extra Virgin Olive Oil 750ml,Pantry,10,147,133.59,19.11,10.5,0,7,20.31,1.31,191.3
SKU-101,Organic Almond Milk 1L,Groceries,161,200,182.25,4.13,2.2,0,4,4.27,1.21,202.0
SKU-109,Plant Protein Powder 900g,Health & Nutrition,7,71,65.11,39.25,19.5,0,8,37.09,1.2,70.8
SKU-104,Extra Virgin Olive Oil 750ml,Pantry,211,15,15.79,17.16,10.5,0,8,16.71,1.17,16.9
SKU-109,Plant Protein Powder 900g,Health & Nutrition,27,132,126.84,34.08,19.5,0,6,36.85,0.91,107.9
SKU-110,Dark Chocolate Sea Salt Bark,Snacks,40,138,124.62,7.99,3.4,30,4,8.78,0.96,196.8
SKU-105,Wireless Ergonomic Mouse,Electronics,288,231,254.0,34.41,16.0,20,9,37.84,1.27,390.0
SKU-107,Hydrating Facial Cleanser 200ml,Personal Care,165,89,82.1,15.73,6.5,15,5,15.75,0.86,91.4
SKU-101,Organic Almond Milk 1L,Groceries,37,206,215.2,4.53,2.2,0,4,4.8,1.06,213.6
SKU-110,Dark Chocolate Sea Salt Bark,Snacks,38,36,32.79,7.67,3.4,20,2,8.33,0.94,40.0
SKU-106,Eco Bamboo Paper Towels 6pk,Household,334,248,226.07,10.48,5.2,10,5,11.21,1.19,319.5
SKU-102,Artisan Sourdough Loaf,Bakery,307,25,22.95,5.6,2.1,10,2,6.06,1.08,29.7
SKU-110,Dark Chocolate Sea Salt Bark,Snacks,159,72,75.1,8.94,3.4,0,3,9.58,1.28,94.2
SKU-105,Wireless Ergonomic Mouse,Electronics,140,178,191.14,31.97,16.0,0,9,30.01,0.9,145.1
SKU-105,Wireless Ergonomic Mouse,Electronics,342,111,98.19,27.25,16.0,10,11,29.18,0.87,110.0
SKU-108,Organic Honeycrisp Apples 1kg,Produce,253,242,270.25,6.73,3.1,0,1,6.85,1.19,330.4
SKU-101,Organic Almond Milk 1L,Groceries,65,92,100.52,4.99,2.2,0,2,5.15,1.27,123.9
SKU-106,Eco Bamboo Paper Towels 6pk,Household,14,109,111.01,12.8,5.2,30,3,12.79,1.18,195.8
SKU-102,Artisan Sourdough Loaf,Bakery,298,133,127.85,6.52,2.1,5,1,7.03,0.97,131.1
SKU-107,Hydrating Facial Cleanser 200ml,Personal Care,257,63,64.87,16.81,6.5,20,3,16.84,1.16,89.9
SKU-108,Organic Honeycrisp Apples 1kg,Produce,83,92,95.32,7.07,3.1,15,1,7.15,1.05,114.1
SKU-106,Eco Bamboo Paper Towels 6pk,Household,119,150,139.65,10.94,5.2,0,4,10.44,1.06,147.8
SKU-106,Eco Bamboo Paper Towels 6pk,Household,236,50,55.49,11.5,5.2,20,5,10.97,1.07,59.9
SKU-106,Eco Bamboo Paper Towels 6pk,Household,29,151,155.55,10.49,5.2,0,4,9.79,0.88,117.9
SKU-109,Plant Protein Powder 900g,Health & Nutrition,306,164,174.73,34.33,19.5,15,7,36.91,0.94,188.0
SKU-104,Extra Virgin Olive Oil 750ml,Pantry,297,26,25.07,17.2,10.5,0,8,16.17,1.0,23.7
SKU-105,Wireless Ergonomic Mouse,Electronics,31,242,268.38,32.79,16.0,25,11,34.34,1.35,485.1
SKU-108,Organic Honeycrisp Apples 1kg,Produce,341,191,187.54,7.2,3.1,20,2,7.01,1.15,276.6
SKU-105,Wireless Ergonomic Mouse,Electronics,44,150,139.45,32.96,16.0,10,11,32.21,0.91,144.4
SKU-110,Dark Chocolate Sea Salt Bark,Snacks,168,204,209.66,7.39,3.4,10,4,7.4,0.94,213.7
SKU-101,Organic Almond Milk 1L,Groceries,210,198,209.25,4.82,2.2,5,2,5.24,1.19,265.5
SKU-109,Plant Protein Powder 900g,Health & Nutrition,193,91,91.42,38.34,19.5,20,8,39.3,1.16,127.4
SKU-106,Eco Bamboo Paper Towels 6pk,Household,293,192,194.46,11.38,5.2,0,5,12.27,1.16,215.2
SKU-103,Premium Colombian Coffee 500g,Beverages,147,107,107.34,16.52,7.8,10,6,17.72,1.12,139.7
SKU-107,Hydrating Facial Cleanser 200ml,Personal Care,338,159,159.39,17.13,6.5,10,4,16.48,0.88,150.0
SKU-104,Extra Virgin Olive Oil 750ml,Pantry,232,120,128.8,17.4,10.5,0,7,18.14,0.94,119.9
SKU-101,Organic Almond Milk 1L,Groceries,6,159,159.34,5.15,2.2,30,3,5.33,0.91,208.2
SKU-110,Dark Chocolate Sea Salt Bark,Snacks,135,38,36.43,7.34,3.4,0,4,7.01,1.02,32.6
SKU-108,Organic Honeycrisp Apples 1kg,Produce,16,144,136.1,6.84,3.1,30,3,6.43,0.88,145.2
SKU-104,Extra Virgin Olive Oil 750ml,Pantry,51,196,214.73,18.19,10.5,30,8,17.07,1.19,327.1
SKU-101,Organic Almond Milk 1L,Groceries,7,39,36.28,5.13,2.2,10,2,5.44,1.04,48.0
SKU-101,Organic Almond Milk 1L,Groceries,268,155,148.1,4.67,2.2,5,3,4.99,1.06,177.7
SKU-101,Organic Almond Milk 1L,Groceries,336,24,23.21,4.73,2.2,0,4,5.14,1.27,30.7
SKU-106,Eco Bamboo Paper Towels 6pk,Household,256,106,112.13,12.07,5.2,10,3,11.95,0.96,118.8
SKU-106,Eco Bamboo Paper Towels 6pk,Household,77,83,74.66,10.37,5.2,5,4,10.31,1.29,99.5
SKU-108,Organic Honeycrisp Apples 1kg,Produce,123,224,223.52,6.81,3.1,0,1,6.73,1.14,265.2
SKU-102,Artisan Sourdough Loaf,Bakery,126,223,213.79,6.02,2.1,10,3,5.56,1.19,284.9
SKU-105,Wireless Ergonomic Mouse,Electronics,339,123,108.61,29.99,16.0,5,11,32.49,1.07,139.6
SKU-108,Organic Honeycrisp Apples 1kg,Produce,49,200,213.62,6.02,3.1,25,1,5.75,0.9,222.5
SKU-106,Eco Bamboo Paper Towels 6pk,Household,340,239,229.97,10.64,5.2,0,3,10.75,0.95,237.8
SKU-101,Organic Almond Milk 1L,Groceries,321,170,168.65,4.95,2.2,0,3,5.26,0.88,149.4
SKU-101,Organic Almond Milk 1L,Groceries,55,68,68.77,5.11,2.2,5,4,5.06,1.24,97.2
SKU-109,Plant Protein Powder 900g,Health & Nutrition,102,74,70.92,32.17,19.5,5,7,30.45,1.03,76.3
SKU-108,Organic Honeycrisp Apples 1kg,Produce,27,239,259.05,7.38,3.1,10,2,7.01,1.23,335.7
SKU-107,Hydrating Facial Cleanser 200ml,Personal Care,308,190,171.37,16.39,6.5,10,4,16.41,1.26,284.6
SKU-108,Organic Honeycrisp Apples 1kg,Produce,259,142,157.7,6.04,3.1,15,2,5.7,1.14,216.9
SKU-107,Hydrating Facial Cleanser 200ml,Personal Care,46,111,104.84,19.53,6.5,0,4,18.12,1.19,142.2
SKU-104,Extra Virgin Olive Oil 750ml,Pantry,299,168,183.33,17.64,10.5,30,6,16.68,0.85,212.1
SKU-109,Plant Protein Powder 900g,Health & Nutrition,209,179,197.72,37.31,19.5,0,8,38.16,1.08,217.1
SKU-110,Dark Chocolate Sea Salt Bark,Snacks,334,216,223.87,7.57,3.4,0,3,7.54,0.98,187.7
SKU-102,Artisan Sourdough Loaf,Bakery,7,86,81.15,5.58,2.1,5,1,5.29,0.91,77.9
SKU-101,Organic Almond Milk 1L,Groceries,286,209,186.05,4.51,2.2,5,4,4.79,0.86,177.5
SKU-101,Organic Almond Milk 1L,Groceries,107,125,122.75,4.37,2.2,0,2,4.62,1.24,153.5
SKU-106,Eco Bamboo Paper Towels 6pk,Household,105,154,148.41,11.28,5.2,15,5,11.3,1.19,228.3
SKU-104,Extra Virgin Olive Oil 750ml,Pantry,80,109,107.19,16.92,10.5,5,6,17.99,1.28,140.2
SKU-104,Extra Virgin Olive Oil 750ml,Pantry,282,122,108.1,19.29,10.5,5,7,20.66,1.25,152.8
SKU-106,Eco Bamboo Paper Towels 6pk,Household,283,160,176.0,11.2,5.2,10,3,11.96,1.27,226.8
SKU-107,Hydrating Facial Cleanser 200ml,Personal Care,74,86,89.46,18.29,6.5,25,3,17.57,1.33,146.2
SKU-105,Wireless Ergonomic Mouse,Electronics,223,52,52.2,32.94,16.0,5,11,33.08,1.29,74.6
SKU-101,Organic Almond Milk 1L,Groceries,343,27,29.22,4.77,2.2,5,4,4.4,1.26,33.4
SKU-109,Plant Protein Powder 900g,Health & Nutrition,190,60,62.21,31.96,19.5,0,7,30.26,0.95,53.9
SKU-104,Extra Virgin Olive Oil 750ml,Pantry,280,35,31.46,18.62,10.5,25,8,17.86,1.06,45.0
SKU-104,Extra Virgin Olive Oil 750ml,Pantry,240,187,183.31,19.08,10.5,0,8,20.96,1.12,192.1
SKU-109,Plant Protein Powder 900g,Health & Nutrition,138,199,189.15,38.1,19.5,0,7,37.87,1.3,263.9
SKU-105,Wireless Ergonomic Mouse,Electronics,60,226,205.98,31.94,16.0,5,9,32.23,1.1,268.0
SKU-108,Organic Honeycrisp Apples 1kg,Produce,95,106,95.85,7.14,3.1,25,3,7.54,0.96,136.9
SKU-108,Organic Honeycrisp Apples 1kg,Produce,15,171,160.07,6.64,3.1,0,3,6.22,0.89,137.8
SKU-106,Eco Bamboo Paper Towels 6pk,Household,48,118,119.48,11.94,5.2,0,5,12.01,1.04,128.2
SKU-101,Organic Almond Milk 1L,Groceries,318,225,244.78,5.04,2.2,0,4,4.67,0.99,191.9
SKU-108,Organic Honeycrisp Apples 1kg,Produce,254,34,31.02,6.09,3.1,10,3,6.41,1.13,40.1
SKU-109,Plant Protein Powder 900g,Health & Nutrition,37,127,130.03,32.18,19.5,0,7,31.47,0.99,124.4
SKU-105,Wireless Ergonomic Mouse,Electronics,99,65,68.46,33.07,16.0,5,11,34.87,1.34,100.7
SKU-102,Artisan Sourdough Loaf,Bakery,105,62,64.88,6.76,2.1,0,2,6.44,1.08,62.4
SKU-103,Premium Colombian Coffee 500g,Beverages,235,213,234.69,15.38,7.8,0,4,15.26,1.15,243.4
SKU-104,Extra Virgin Olive Oil 750ml,Pantry,206,40,43.48,17.39,10.5,5,8,16.68,0.9,43.2
SKU-105,Wireless Ergonomic Mouse,Electronics,256,217,225.32,32.4,16.0,0,10,34.96,0.97,213.3
SKU-106,Eco Bamboo Paper Towels 6pk,Household,345,137,150.86,12.18,5.2,0,3,12.7,0.96,151.7
SKU-109,Plant Protein Powder 900g,Health & Nutrition,42,178,161.7,33.68,19.5,0,6,33.35,1.22,215.7
SKU-102,Artisan Sourdough Loaf,Bakery,194,126,112.39,6.3,2.1,5,1,6.15,1.18,143.2
SKU-110,Dark Chocolate Sea Salt Bark,Snacks,64,230,245.37,7.3,3.4,5,3,6.83,1.16,310.3
SKU-110,Dark Chocolate Sea Salt Bark,Snacks,94,209,212.5,7.8,3.4,0,2,7.64,0.94,196.6
SKU-103,Premium Colombian Coffee 500g,Beverages,268,69,70.47,16.95,7.8,15,6,17.63,1.13,98.3
SKU-108,Organic Honeycrisp Apples 1kg,Produce,23,37,35.42,5.87,3.1,0,2,6.26,0.94,30.7
SKU-105,Wireless Ergonomic Mouse,Electronics,219,201,209.25,32.01,16.0,10,10,32.41,0.93,236.7
SKU-104,Extra Virgin Olive Oil 750ml,Pantry,216,143,147.38,20.98,10.5,0,6,20.66,1.14,151.0
SKU-106,Eco Bamboo Paper Towels 6pk,Household,55,103,102.2,11.55,5.2,0,3,12.55,0.95,103.2
SKU-107,Hydrating Facial Cleanser 200ml,Personal Care,184,73,73.75,18.68,6.5,0,3,20.49,1.2,86.9
SKU-101,Organic Almond Milk 1L,Groceries,237,53,54.28,4.59,2.2,0,3,4.84,1.09,66.1
SKU-108,Organic Honeycrisp Apples 1kg,Produce,171,126,133.39,7.08,3.1,0,2,7.27,1.01,116.3
SKU-106,Eco Bamboo Paper Towels 6pk,Household,278,191,196.11,10.63,5.2,0,3,10.75,0.9,173.8
SKU-110,Dark Chocolate Sea Salt Bark,Snacks,13,49,49.6,7.48,3.4,10,4,8.14,1.23,72.4
SKU-106,Eco Bamboo Paper Towels 6pk,Household,242,156,141.04,13.06,5.2,0,3,13.49,0.96,145.7
SKU-110,Dark Chocolate Sea Salt Bark,Snacks,310,71,77.68,9.13,3.4,15,3,9.29,1.32,119.3
SKU-102,Artisan Sourdough Loaf,Bakery,76,141,140.73,6.59,2.1,10,1,6.21,1.02,160.8
SKU-101,Organic Almond Milk 1L,Groceries,188,66,63.37,5.12,2.2,5,3,5.08,1.21,88.7
SKU-107,Hydrating Facial Cleanser 200ml,Personal Care,220,114,102.01,17.66,6.5,0,3,19.32,1.07,125.8
SKU-102,Artisan Sourdough Loaf,Bakery,122,84,84.03,6.69,2.1,15,2,7.31,0.89,102.6
SKU-102,Artisan Sourdough Loaf,Bakery,151,239,255.27,6.38,2.1,5,3,6.06,1.09,293.4
SKU-103,Premium Colombian Coffee 500g,Beverages,210,223,196.83,16.81,7.8,0,5,15.58,1.28,259.8
SKU-108,Organic Honeycrisp Apples 1kg,Produce,45,200,203.94,6.93,3.1,0,2,7.09,1.35,274.9
SKU-103,Premium Colombian Coffee 500g,Beverages,152,140,154.85,16.04,7.8,10,5,16.81,1.32,235.2
SKU-104,Extra Virgin Olive Oil 750ml,Pantry,189,109,96.23,17.23,10.5,0,8,17.6,1.26,142.1
SKU-106,Eco Bamboo Paper Towels 6pk,Household,11,101,103.95,10.53,5.2,5,4,11.4,1.19,123.0
SKU-106,Eco Bamboo Paper Towels 6pk,Household,15,63,57.11,12.72,5.2,10,3,13.02,1.15,76.9
SKU-101,Organic Almond Milk 1L,Groceries,341,113,118.61,5.13,2.2,20,3,5.04,1.08,146.8
SKU-105,Wireless Ergonomic Mouse,Electronics,331,61,54.57,28.77,16.0,5,10,30.25,1.29,83.1
SKU-106,Eco Bamboo Paper Towels 6pk,Household,37,52,53.66,10.49,5.2,0,3,11.39,1.11,57.4
SKU-108,Organic Honeycrisp Apples 1kg,Produce,183,214,192.26,6.42,3.1,20,1,6.04,1.3,334.2
SKU-108,Organic Honeycrisp Apples 1kg,Produce,132,22,24.59,6.62,3.1,10,1,6.82,1.32,34.0
SKU-110,Dark Chocolate Sea Salt Bark,Snacks,224,70,76.33,8.83,3.4,10,3,9.7,1.13,91.1
SKU-105,Wireless Ergonomic Mouse,Electronics,304,90,95.69,34.19,16.0,0,10,32.97,1.14,107.1
SKU-107,Hydrating Facial Cleanser 200ml,Personal Care,239,173,175.03,15.31,6.5,0,5,14.64,0.91,153.4
SKU-107,Hydrating Facial Cleanser 200ml,Personal Care,152,38,33.83,18.15,6.5,5,3,18.15,1.26,43.4
SKU-104,Extra Virgin Olive Oil 750ml,Pantry,343,244,236.22,17.61,10.5,25,7,16.76,1.13,365.9
SKU-108,Organic Honeycrisp Apples 1kg,Produce,204,249,253.73,5.91,3.1,10,1,5.73,0.97,268.2
SKU-106,Eco Bamboo Paper Towels 6pk,Household,35,202,191.73,10.9,5.2,30,5,10.74,1.24,341.0
SKU-105,Wireless Ergonomic Mouse,Electronics,98,109,118.48,28.35,16.0,5,9,30.93,1.34,142.3
SKU-103,Premium Colombian Coffee 500g,Beverages,289,212,234.62,14.51,7.8,0,4,14.61,1.0,211.6
SKU-106,Eco Bamboo Paper Towels 6pk,Household,349,155,146.61,11.07,5.2,30,3,11.9,1.3,278.5
SKU-109,Plant Protein Powder 900g,Health & Nutrition,134,65,72.45,31.95,19.5,0,8,31.86,1.23,89.6
SKU-106,Eco Bamboo Paper Towels 6pk,Household,170,228,253.69,10.84,5.2,0,3,11.0,0.89,216.5
SKU-110,Dark Chocolate Sea Salt Bark,Snacks,243,137,131.44,8.27,3.4,30,2,7.92,0.92,168.7
SKU-107,Hydrating Facial Cleanser 200ml,Personal Care,14,55,59.84,16.97,6.5,25,5,18.2,1.14,92.7
SKU-105,Wireless Ergonomic Mouse,Electronics,168,168,187.96,34.02,16.0,0,10,36.72,1.08,201.2
SKU-104,Extra Virgin Olive Oil 750ml,Pantry,108,185,204.73,19.47,10.5,15,6,20.58,1.26,291.1
SKU-101,Organic Almond Milk 1L,Groceries,190,97,90.98,4.11,2.2,0,2,3.87,0.92,90.2
SKU-110,Dark Chocolate Sea Salt Bark,Snacks,188,142,152.37,8.26,3.4,25,4,7.69,1.2,253.4
SKU-103,Premium Colombian Coffee 500g,Beverages,167,185,197.89,14.57,7.8,0,4,15.05,1.0,192.2
SKU-105,Wireless Ergonomic Mouse,Electronics,131,214,200.42,34.0,16.0,30,9,37.15,1.0,300.5
SKU-106,Eco Bamboo Paper Towels 6pk,Household,180,34,32.5,13.12,5.2,0,4,13.82,0.85,31.3
SKU-110,Dark Chocolate Sea Salt Bark,Snacks,296,69,69.69,7.63,3.4,10,4,8.26,0.96,77.9
SKU-110,Dark Chocolate Sea Salt Bark,Snacks,87,22,21.8,7.82,3.4,10,3,8.38,1.2,31.2
SKU-110,Dark Chocolate Sea Salt Bark,Snacks,154,40,37.8,7.28,3.4,5,3,7.78,0.95,36.4
SKU-108,Organic Honeycrisp Apples 1kg,Produce,121,70,73.25,7.42,3.1,30,1,7.14,0.85,74.4
SKU-107,Hydrating Facial Cleanser 200ml,Personal Care,106,93,85.63,17.76,6.5,5,3,18.67,1.02,93.0
SKU-106,Eco Bamboo Paper Towels 6pk,Household,117,225,243.14,10.48,5.2,25,4,9.88,1.22,388.8
SKU-106,Eco Bamboo Paper Towels 6pk,Household,64,240,212.43,12.46,5.2,30,5,13.4,1.01,351.1
SKU-108,Organic Honeycrisp Apples 1kg,Produce,271,113,122.5,7.35,3.1,10,3,6.95,1.28,164.3
SKU-105,Wireless Ergonomic Mouse,Electronics,188,200,214.5,32.39,16.0,0,10,33.09,0.97,194.2
SKU-108,Organic Honeycrisp Apples 1kg,Produce,125,208,214.9,5.94,3.1,10,1,6.44,1.21,295.7
SKU-108,Organic Honeycrisp Apples 1kg,Produce,326,174,189.98,6.22,3.1,0,3,6.51,1.31,228.2
SKU-104,Extra Virgin Olive Oil 750ml,Pantry,73,48,50.06,20.11,10.5,0,8,19.33,0.9,45.8
SKU-109,Plant Protein Powder 900g,Health & Nutrition,107,80,83.34,39.61,19.5,0,8,38.79,1.1,88.4
SKU-102,Artisan Sourdough Loaf,Bakery,261,210,207.95,6.41,2.1,10,2,5.94,1.06,232.9
SKU-110,Dark Chocolate Sea Salt Bark,Snacks,196,86,80.79,7.96,3.4,0,4,8.48,1.26,114.2
SKU-102,Artisan Sourdough Loaf,Bakery,40,61,59.99,6.14,2.1,25,1,5.94,1.28,102.6
SKU-105,Wireless Ergonomic Mouse,Electronics,114,249,271.27,29.22,16.0,0,11,28.89,1.04,253.9
SKU-108,Organic Honeycrisp Apples 1kg,Produce,218,53,57.4,7.16,3.1,5,3,7.69,0.86,58.5
SKU-101,Organic Almond Milk 1L,Groceries,175,57,61.28,5.1,2.2,0,4,5.18,0.89,48.1
SKU-101,Organic Almond Milk 1L,Groceries,144,87,89.24,4.25,2.2,10,4,4.04,1.03,102.9
SKU-103,Premium Colombian Coffee 500g,Beverages,131,144,153.35,14.88,7.8,15,4,14.79,1.18,205.7
SKU-107,Hydrating Facial Cleanser 200ml,Personal Care,46,122,123.92,18.24,6.5,15,3,19.72,1.27,181.0
SKU-105,Wireless Ergonomic Mouse,Electronics,279,221,234.51,33.99,16.0,0,9,36.39,1.28,297.6
SKU-102,Artisan Sourdough Loaf,Bakery,74,63,65.81,6.23,2.1,0,2,6.74,1.06,69.7
SKU-106,Eco Bamboo Paper Towels 6pk,Household,266,216,212.66,11.43,5.2,15,5,12.39,0.85,190.3
SKU-107,Hydrating Facial Cleanser 200ml,Personal Care,218,106,107.94,18.82,6.5,0,3,19.97,1.1,121.9
SKU-108,Organic Honeycrisp Apples 1kg,Produce,124,247,233.98,7.42,3.1,0,3,7.31,1.01,237.3
SKU-102,Artisan Sourdough Loaf,Bakery,139,139,150.46,5.74,2.1,5,2,5.44,1.35,200.9
SKU-105,Wireless Ergonomic Mouse,Electronics,37,36,37.61,30.21,16.0,20,9,31.57,1.16,46.0
SKU-101,Organic Almond Milk 1L,Groceries,233,248,249.86,4.81,2.2,0,2,4.8,1.07,278.1
SKU-104,Extra Virgin Olive Oil 750ml,Pantry,179,103,113.57,17.09,10.5,0,8,17.9,0.97,108.7
SKU-104,Extra Virgin Olive Oil 750ml,Pantry,175,167,169.18,19.73,10.5,25,6,20.59,1.15,233.4
SKU-103,Premium Colombian Coffee 500g,Beverages,246,242,269.52,13.64,7.8,25,6,15.0,1.19,473.4
SKU-103,Premium Colombian Coffee 500g,Beverages,109,210,199.01,15.54,7.8,0,5,16.86,1.05,202.1
SKU-102,Artisan Sourdough Loaf,Bakery,233,106,102.98,5.78,2.1,0,3,5.6,1.31,133.2
SKU-110,Dark Chocolate Sea Salt Bark,Snacks,284,174,177.45,8.3,3.4,20,3,7.79,1.12,246.2
SKU-107,Hydrating Facial Cleanser 200ml,Personal Care,212,48,49.13,17.92,6.5,0,4,17.77,1.03,48.0
SKU-110,Dark Chocolate Sea Salt Bark,Snacks,55,128,137.65,9.1,3.4,0,4,8.79,1.28,191.3
SKU-108,Organic Honeycrisp Apples 1kg,Produce,340,128,142.4,6.93,3.1,0,3,6.54,1.24,178.9
SKU-102,Artisan Sourdough Loaf,Bakery,322,20,22.13,5.65,2.1,0,1,5.44,1.06,21.6
SKU-106,Eco Bamboo Paper Towels 6pk,Household,167,175,179.45,11.37,5.2,0,4,11.77,0.95,181.2
SKU-101,Organic Almond Milk 1L,Groceries,197,61,64.56,5.03,2.2,10,2,4.85,1.06,71.2
SKU-105,Wireless Ergonomic Mouse,Electronics,53,249,251.0,33.19,16.0,30,11,32.77,0.91,327.4
SKU-110,Dark Chocolate Sea Salt Bark,Snacks,198,213,218.22,8.1,3.4,5,2,8.18,1.06,243.3
SKU-110,Dark Chocolate Sea Salt Bark,Snacks,227,77,71.86,8.54,3.4,0,2,8.55,1.13,89.4
SKU-102,Artisan Sourdough Loaf,Bakery,198,94,93.98,6.4,2.1,30,2,6.05,0.85,110.6
SKU-110,Dark Chocolate Sea Salt Bark,Snacks,183,62,55.61,8.73,3.4,0,4,8.99,0.96,58.1
SKU-102,Artisan Sourdough Loaf,Bakery,103,74,66.4,6.51,2.1,15,2,7.16,0.89,77.9
SKU-110,Dark Chocolate Sea Salt Bark,Snacks,181,161,143.84,8.96,3.4,5,4,9.37,1.27,216.6
SKU-105,Wireless Ergonomic Mouse,Electronics,18,81,78.85,27.0,16.0,5,9,27.2,1.1,89.8
SKU-110,Dark Chocolate Sea Salt Bark,Snacks,250,126,125.88,8.81,3.4,0,2,8.72,1.32,170.5
SKU-101,Organic Almond Milk 1L,Groceries,279,116,118.26,4.89,2.2,0,4,5.28,1.34,151.4
SKU-104,Extra Virgin Olive Oil 750ml,Pantry,40,88,84.02,17.7,10.5,0,8,16.96,1.3,108.4
SKU-101,Organic Almond Milk 1L,Groceries,253,190,177.31,4.29,2.2,25,2,4.68,0.96,231.2
SKU-109,Plant Protein Powder 900g,Health & Nutrition,61,89,98.75,38.39,19.5,15,6,36.6,1.26,137.0
SKU-102,Artisan Sourdough Loaf,Bakery,347,169,180.57,6.21,2.1,10,1,6.76,1.01,217.5
SKU-102,Artisan Sourdough Loaf,Bakery,288,150,156.35,6.53,2.1,0,3,6.18,1.01,158.5
SKU-110,Dark Chocolate Sea Salt Bark,Snacks,34,124,109.53,8.15,3.4,0,4,8.93,1.1,147.5
SKU-107,Hydrating Facial Cleanser 200ml,Personal Care,144,106,106.79,19.09,6.5,0,3,18.39,1.32,142.3
SKU-104,Extra Virgin Olive Oil 750ml,Pantry,152,200,209.46,21.25,10.5,0,8,20.91,1.23,256.7
SKU-101,Organic Almond Milk 1L,Groceries,298,192,171.35,4.98,2.2,25,2,5.47,1.29,336.6
SKU-102,Artisan Sourdough Loaf,Bakery,210,76,80.48,6.86,2.1,10,3,7.36,0.87,82.1
SKU-105,Wireless Ergonomic Mouse,Electronics,208,116,116.78,29.04,16.0,25,9,29.15,0.94,141.6
SKU-106,Eco Bamboo Paper Towels 6pk,Household,330,207,188.23,10.87,5.2,30,4,11.65,1.17,311.7
SKU-103,Premium Colombian Coffee 500g,Beverages,153,23,22.83,14.98,7.8,0,5,15.64,1.19,28.0
SKU-107,Hydrating Facial Cleanser 200ml,Personal Care,135,241,260.18,17.26,6.5,15,3,16.28,1.34,387.2
SKU-107,Hydrating Facial Cleanser 200ml,Personal Care,180,200,185.64,17.04,6.5,10,4,16.17,0.99,206.4
SKU-104,Extra Virgin Olive Oil 750ml,Pantry,177,110,104.98,18.02,10.5,0,6,19.45,1.02,113.3
SKU-108,Organic Honeycrisp Apples 1kg,Produce,96,87,89.99,7.27,3.1,5,2,6.78,1.3,115.5
SKU-108,Organic Honeycrisp Apples 1kg,Produce,55,238,237.18,6.6,3.1,10,2,6.19,1.21,301.5
SKU-104,Extra Virgin Olive Oil 750ml,Pantry,21,175,186.1,20.53,10.5,0,8,22.33,1.23,228.7
SKU-110,Dark Chocolate Sea Salt Bark,Snacks,160,241,219.19,7.7,3.4,20,3,7.94,1.2,393.6
SKU-103,Premium Colombian Coffee 500g,Beverages,262,216,202.05,16.67,7.8,0,5,17.08,1.09,270.1
SKU-104,Extra Virgin Olive Oil 750ml,Pantry,54,93,90.3,20.97,10.5,0,8,19.68,0.97,79.9
SKU-105,Wireless Ergonomic Mouse,Electronics,217,29,30.7,27.17,16.0,10,11,26.03,1.34,44.1
SKU-103,Premium Colombian Coffee 500g,Beverages,37,94,96.7,14.56,7.8,25,5,15.44,0.99,121.9
SKU-107,Hydrating Facial Cleanser 200ml,Personal Care,337,115,115.89,19.11,6.5,30,4,20.17,1.24,194.6
SKU-101,Organic Almond Milk 1L,Groceries,327,230,243.33,4.42,2.2,0,2,4.47,1.14,246.3
SKU-106,Eco Bamboo Paper Towels 6pk,Household,267,194,212.42,12.61,5.2,0,4,12.96,0.87,178.4
SKU-110,Dark Chocolate Sea Salt Bark,Snacks,102,108,97.73,8.86,3.4,10,2,9.25,0.85,101.4
SKU-103,Premium Colombian Coffee 500g,Beverages,263,77,69.1,14.82,7.8,0,5,15.11,1.05,74.7
SKU-106,Eco Bamboo Paper Towels 6pk,Household,210,133,125.63,12.06,5.2,0,3,11.26,1.04,134.3
SKU-105,Wireless Ergonomic Mouse,Electronics,11,233,246.25,32.19,16.0,0,9,30.22,1.32,305.9
SKU-108,Organic Honeycrisp Apples 1kg,Produce,125,119,124.45,6.77,3.1,0,3,6.95,1.14,150.5
SKU-110,Dark Chocolate Sea Salt Bark,Snacks,51,59,56.46,8.03,3.4,10,4,8.64,1.11,72.8
SKU-109,Plant Protein Powder 900g,Health & Nutrition,223,116,117.44,38.78,19.5,20,7,36.38,0.91,137.4
SKU-109,Plant Protein Powder 900g,Health & Nutrition,231,105,109.35,36.64,19.5,0,6,39.3,1.08,127.3
SKU-108,Organic Honeycrisp Apples 1kg,Produce,337,246,261.97,7.41,3.1,5,2,7.45,1.29,366.3
SKU-106,Eco Bamboo Paper Towels 6pk,Household,209,139,131.5,12.82,5.2,10,4,11.79,1.17,164.7
SKU-103,Premium Colombian Coffee 500g,Beverages,69,105,108.28,15.15,7.8,10,4,14.34,0.96,121.9
SKU-104,Extra Virgin Olive Oil 750ml,Pantry,244,40,36.91,16.84,10.5,20,6,17.17,1.33,63.5
SKU-103,Premium Colombian Coffee 500g,Beverages,105,138,144.69,17.13,7.8,5,5,17.01,1.22,191.6
SKU-106,Eco Bamboo Paper Towels 6pk,Household,69,18,17.09,12.18,5.2,0,3,11.87,1.15,19.2
SKU-106,Eco Bamboo Paper Towels 6pk,Household,233,235,209.3,12.49,5.2,0,5,12.54,0.87,213.0
SKU-104,Extra Virgin Olive Oil 750ml,Pantry,148,173,182.52,19.84,10.5,0,8,20.6,0.86,142.8
SKU-101,Organic Almond Milk 1L,Groceries,310,124,130.1,4.39,2.2,0,4,4.09,0.93,117.0
SKU-105,Wireless Ergonomic Mouse,Electronics,324,125,125.34,31.76,16.0,10,11,30.87,1.08,163.6
SKU-103,Premium Colombian Coffee 500g,Beverages,235,220,215.22,14.13,7.8,15,4,15.12,1.27,361.4
SKU-104,Extra Virgin Olive Oil 750ml,Pantry,125,36,37.84,16.97,10.5,5,6,17.06,0.86,35.5
SKU-108,Organic Honeycrisp Apples 1kg,Produce,115,97,103.38,5.89,3.1,10,3,6.28,1.29,140.8
SKU-109,Plant Protein Powder 900g,Health & Nutrition,163,248,254.09,40.05,19.5,0,6,40.15,1.07,270.7
SKU-107,Hydrating Facial Cleanser 200ml,Personal Care,35,233,253.55,15.37,6.5,0,3,15.51,1.2,312.4
SKU-101,Organic Almond Milk 1L,Groceries,127,185,187.89,4.57,2.2,20,2,4.84,0.97,251.8
SKU-102,Artisan Sourdough Loaf,Bakery,309,122,132.68,6.78,2.1,0,1,6.3,0.87,106.7
SKU-106,Eco Bamboo Paper Towels 6pk,Household,183,33,30.28,11.06,5.2,5,3,11.57,1.07,38.9
SKU-107,Hydrating Facial Cleanser 200ml,Personal Care,209,141,141.6,15.33,6.5,0,3,14.37,1.14,146.3
SKU-109,Plant Protein Powder 900g,Health & Nutrition,331,244,269.71,33.87,19.5,5,6,32.23,0.95,229.6
SKU-106,Eco Bamboo Paper Towels 6pk,Household,151,116,123.2,10.62,5.2,0,3,11.21,1.11,133.9
SKU-108,Organic Honeycrisp Apples 1kg,Produce,43,239,227.51,6.31,3.1,15,2,6.12,0.9,258.8
SKU-110,Dark Chocolate Sea Salt Bark,Snacks,14,209,220.52,7.61,3.4,25,2,7.08,1.08,316.8
SKU-107,Hydrating Facial Cleanser 200ml,Personal Care,313,179,187.26,17.44,6.5,5,5,18.38,1.13,215.2
SKU-103,Premium Colombian Coffee 500g,Beverages,273,21,19.18,15.63,7.8,15,4,15.89,1.28,32.2
SKU-106,Eco Bamboo Paper Towels 6pk,Household,177,70,67.89,10.87,5.2,0,4,10.44,0.85,55.1
SKU-110,Dark Chocolate Sea Salt Bark,Snacks,55,25,24.57,7.44,3.4,5,3,7.43,1.18,30.0
SKU-101,Organic Almond Milk 1L,Groceries,48,174,187.32,4.67,2.2,5,2,4.91,1.21,226.6
SKU-104,Extra Virgin Olive Oil 750ml,Pantry,345,182,161.77,18.4,10.5,20,7,20.1,1.14,253.3
SKU-108,Organic Honeycrisp Apples 1kg,Produce,110,91,93.04,6.72,3.1,10,1,7.08,0.97,107.4
SKU-106,Eco Bamboo Paper Towels 6pk,Household,331,199,197.01,10.45,5.2,5,3,11.3,0.92,196.7
SKU-104,Extra Virgin Olive Oil 750ml,Pantry,205,178,189.59,20.32,10.5,0,7,18.9,0.98,161.6
SKU-105,Wireless Ergonomic Mouse,Electronics,164,20,17.79,33.19,16.0,10,11,33.66,0.89,19.5
SKU-108,Organic Honeycrisp Apples 1kg,Produce,17,55,59.23,6.38,3.1,0,1,6.77,1.0,60.7
SKU-101,Organic Almond Milk 1L,Groceries,227,170,172.09,4.27,2.2,0,2,4.39,1.26,199.3
SKU-103,Premium Colombian Coffee 500g,Beverages,88,205,208.48,13.53,7.8,15,5,12.71,1.34,298.1
SKU-101,Organic Almond Milk 1L,Groceries,32,116,103.84,4.93,2.2,5,4,4.56,0.91,97.8
SKU-109,Plant Protein Powder 900g,Health & Nutrition,223,158,147.56,36.85,19.5,10,8,38.77,1.26,243.6
SKU-107,Hydrating Facial Cleanser 200ml,Personal Care,123,238,240.19,18.15,6.5,0,4,17.94,0.85,185.6
SKU-108,Organic Honeycrisp Apples 1kg,Produce,154,249,272.74,5.88,3.1,20,3,6.38,0.94,312.2
SKU-102,Artisan Sourdough Loaf,Bakery,143,107,114.8,6.72,2.1,0,3,7.19,1.02,115.8
SKU-107,Hydrating Facial Cleanser 200ml,Personal Care,133,54,49.38,17.43,6.5,10,3,16.57,1.04,62.6
SKU-102,Artisan Sourdough Loaf,Bakery,18,156,161.05,5.46,2.1,30,2,5.38,0.97,219.0
SKU-106,Eco Bamboo Paper Towels 6pk,Household,320,195,202.99,10.48,5.2,5,3,10.61,1.11,229.7
SKU-105,Wireless Ergonomic Mouse,Electronics,144,76,70.76,27.59,16.0,10,9,25.45,0.89,68.1
SKU-106,Eco Bamboo Paper Towels 6pk,Household,264,66,59.22,12.4,5.2,0,5,13.12,1.17,71.1
SKU-107,Hydrating Facial Cleanser 200ml,Personal Care,129,92,81.29,15.52,6.5,0,4,16.2,1.29,116.7
SKU-109,Plant Protein Powder 900g,Health & Nutrition,318,213,196.66,32.04,19.5,0,7,34.43,0.93,205.7
SKU-104,Extra Virgin Olive Oil 750ml,Pantry,142,17,17.93,18.08,10.5,0,7,18.16,1.02,18.9
SKU-105,Wireless Ergonomic Mouse,Electronics,84,138,153.98,27.44,16.0,5,10,29.07,1.14,173.6
SKU-105,Wireless Ergonomic Mouse,Electronics,127,93,102.36,31.89,16.0,0,9,32.05,1.06,117.8
SKU-106,Eco Bamboo Paper Towels 6pk,Household,157,55,55.86,12.96,5.2,30,5,13.45,1.14,92.4
SKU-107,Hydrating Facial Cleanser 200ml,Personal Care,69,169,150.41,18.36,6.5,0,4,18.44,1.02,178.2
SKU-109,Plant Protein Powder 900g,Health & Nutrition,154,196,191.84,33.1,19.5,25,8,33.62,1.02,244.4
SKU-108,Organic Honeycrisp Apples 1kg,Produce,149,54,49.65,6.05,3.1,0,3,5.79,1.08,53.3
SKU-110,Dark Chocolate Sea Salt Bark,Snacks,172,216,197.06,8.88,3.4,10,2,9.66,1.13,292.7
SKU-108,Organic Honeycrisp Apples 1kg,Produce,35,65,59.02,6.51,3.1,0,2,6.11,0.98,62.9
SKU-107,Hydrating Facial Cleanser 200ml,Personal Care,80,163,163.55,18.3,6.5,0,5,19.61,1.27,204.1
SKU-104,Extra Virgin Olive Oil 750ml,Pantry,239,223,209.73,18.41,10.5,15,7,18.57,1.14,290.1
SKU-102,Artisan Sourdough Loaf,Bakery,70,136,130.54,5.81,2.1,10,3,5.47,1.24,168.1
SKU-105,Wireless Ergonomic Mouse,Electronics,11,156,144.19,29.04,16.0,5,11,30.37,1.23,191.4
SKU-106,Eco Bamboo Paper Towels 6pk,Household,332,199,191.08,12.87,5.2,10,3,13.75,1.0,206.0
SKU-109,Plant Protein Powder 900g,Health & Nutrition,344,102,106.83,35.65,19.5,20,6,37.15,0.96,129.6
SKU-104,Extra Virgin Olive Oil 750ml,Pantry,73,140,127.81,19.14,10.5,0,8,19.51,1.28,179.8
SKU-110,Dark Chocolate Sea Salt Bark,Snacks,274,220,199.33,8.77,3.4,0,4,8.13,1.13,228.1
SKU-110,Dark Chocolate Sea Salt Bark,Snacks,334,175,166.91,8.31,3.4,25,4,8.1,1.23,258.6
SKU-102,Artisan Sourdough Loaf,Bakery,50,240,220.29,5.98,2.1,20,2,6.37,1.0,274.7
SKU-108,Organic Honeycrisp Apples 1kg,Produce,93,248,218.95,6.72,3.1,10,2,7.29,1.04,276.1
SKU-110,Dark Chocolate Sea Salt Bark,Snacks,51,204,226.84,8.46,3.4,15,4,8.59,1.12,273.6
SKU-110,Dark Chocolate Sea Salt Bark,Snacks,326,102,104.69,7.74,3.4,10,2,7.33,1.32,138.5
SKU-105,Wireless Ergonomic Mouse,Electronics,311,40,44.46,31.29,16.0,0,10,30.54,0.88,35.6
SKU-101,Organic Almond Milk 1L,Groceries,195,94,97.52,5.08,2.2,0,2,5.46,1.08,112.3
SKU-108,Organic Honeycrisp Apples 1kg,Produce,290,154,150.67,6.64,3.1,20,3,6.47,0.92,172.3
SKU-101,Organic Almond Milk 1L,Groceries,250,222,196.29,4.5,2.2,25,3,4.43,1.13,341.9
SKU-102,Artisan Sourdough Loaf,Bakery,291,30,32.59,6.69,2.1,5,3,6.77,1.34,47.5
SKU-104,Extra Virgin Olive Oil 750ml,Pantry,330,216,236.52,21.07,10.5,20,6,21.58,1.04,307.6
SKU-110,Dark Chocolate Sea Salt Bark,Snacks,191,138,139.23,7.81,3.4,5,2,8.19,0.94,147.1
SKU-109,Plant Protein Powder 900g,Health & Nutrition,290,59,60.66,38.31,19.5,10,7,36.83,1.0,64.5
SKU-106,Eco Bamboo Paper Towels 6pk,Household,159,243,228.7,11.74,5.2,5,4,11.31,1.07,230.8
SKU-105,Wireless Ergonomic Mouse,Electronics,160,80,77.95,27.98,16.0,5,10,29.23,1.25,108.4
SKU-102,Artisan Sourdough Loaf,Bakery,65,172,162.46,6.01,2.1,15,1,6.08,1.23,227.8
SKU-101,Organic Almond Milk 1L,Groceries,209,167,156.83,4.48,2.2,10,3,4.84,0.96,173.4
SKU-109,Plant Protein Powder 900g,Health & Nutrition,148,186,197.13,33.21,19.5,5,7,35.71,0.95,193.4
SKU-108,Organic Honeycrisp Apples 1kg,Produce,114,150,136.44,6.96,3.1,15,3,6.46,1.22,206.2
SKU-107,Hydrating Facial Cleanser 200ml,Personal Care,288,113,104.71,17.06,6.5,0,4,17.96,0.95,105.2
SKU-108,Organic Honeycrisp Apples 1kg,Produce,155,155,149.2,6.3,3.1,0,3,6.86,1.29,204.3
SKU-103,Premium Colombian Coffee 500g,Beverages,119,62,58.74,15.61,7.8,0,4,15.71,0.94,62.2
SKU-108,Organic Honeycrisp Apples 1kg,Produce,193,114,104.07,6.1,3.1,0,3,5.84,1.0,96.5
SKU-106,Eco Bamboo Paper Towels 6pk,Household,274,22,19.73,11.08,5.2,5,4,11.67,1.01,24.1
SKU-104,Extra Virgin Olive Oil 750ml,Pantry,96,187,187.58,20.07,10.5,25,6,21.79,1.11,263.6
SKU-110,Dark Chocolate Sea Salt Bark,Snacks,324,122,111.1,8.06,3.4,0,4,8.14,1.04,127.9
SKU-104,Extra Virgin Olive Oil 750ml,Pantry,255,212,205.23,20.17,10.5,5,7,19.29,1.33,292.5
SKU-104,Extra Virgin Olive Oil 750ml,Pantry,275,249,222.06,18.69,10.5,5,8,18.21,0.92,241.7
SKU-108,Organic Honeycrisp Apples 1kg,Produce,214,93,84.8,7.16,3.1,10,1,6.9,1.32,116.5
SKU-105,Wireless Ergonomic Mouse,Electronics,265,197,193.77,29.48,16.0,5,10,30.32,1.29,256.1
SKU-102,Artisan Sourdough Loaf,Bakery,346,164,177.85,5.93,2.1,0,3,5.81,1.02,184.5
SKU-104,Extra Virgin Olive Oil 750ml,Pantry,169,193,190.81,20.32,10.5,15,7,21.14,1.14,240.7
SKU-101,Organic Almond Milk 1L,Groceries,262,193,199.99,4.24,2.2,0,2,4.42,1.1,222.4
SKU-104,Extra Virgin Olive Oil 750ml,Pantry,270,34,31.43,17.66,10.5,0,7,18.04,1.33,43.9
SKU-108,Organic Honeycrisp Apples 1kg,Produce,67,214,214.59,6.99,3.1,0,1,7.3,1.04,226.2
SKU-102,Artisan Sourdough Loaf,Bakery,227,196,177.18,6.71,2.1,0,3,6.96,1.03,199.6
SKU-106,Eco Bamboo Paper Towels 6pk,Household,8,105,104.29,12.84,5.2,5,3,13.05,1.2,139.6
SKU-103,Premium Colombian Coffee 500g,Beverages,222,183,186.63,14.03,7.8,5,4,13.8,1.08,200.7
SKU-103,Premium Colombian Coffee 500g,Beverages,42,125,132.32,14.02,7.8,10,5,13.49,0.86,121.0
SKU-107,Hydrating Facial Cleanser 200ml,Personal Care,130,36,33.75,15.72,6.5,10,5,14.54,1.09,41.4
SKU-105,Wireless Ergonomic Mouse,Electronics,140,159,140.99,33.98,16.0,5,11,31.53,0.89,118.5
SKU-109,Plant Protein Powder 900g,Health & Nutrition,201,125,121.51,32.53,19.5,0,8,30.51,1.07,116.0
SKU-106,Eco Bamboo Paper Towels 6pk,Household,14,122,119.08,12.04,5.2,5,4,11.73,1.18,160.3
SKU-107,Hydrating Facial Cleanser 200ml,Personal Care,55,109,100.19,18.74,6.5,0,3,19.02,1.14,126.7
SKU-103,Premium Colombian Coffee 500g,Beverages,210,125,117.85,16.94,7.8,5,6,18.22,0.88,123.3
SKU-110,Dark Chocolate Sea Salt Bark,Snacks,76,23,23.07,8.41,3.4,0,4,8.15,1.33,32.0
SKU-101,Organic Almond Milk 1L,Groceries,114,246,270.27,4.07,2.2,15,3,3.83,1.05,323.7
SKU-102,Artisan Sourdough Loaf,Bakery,267,182,203.04,6.46,2.1,5,2,6.76,1.21,260.2
SKU-101,Organic Almond Milk 1L,Groceries,120,102,107.95,4.59,2.2,5,2,4.56,0.98,110.7
SKU-108,Organic Honeycrisp Apples 1kg,Produce,205,187,179.38,6.04,3.1,5,1,6.37,0.95,182.8
SKU-104,Extra Virgin Olive Oil 750ml,Pantry,185,128,137.38,20.37,10.5,25,6,19.05,0.99,170.9
SKU-104,Extra Virgin Olive Oil 750ml,Pantry,151,146,134.3,17.95,10.5,5,7,17.41,1.19,159.5
SKU-103,Premium Colombian Coffee 500g,Beverages,199,245,219.92,14.55,7.8,0,5,14.04,1.3,301.7
SKU-104,Extra Virgin Olive Oil 750ml,Pantry,143,157,141.52,16.69,10.5,0,7,16.58,1.09,170.2
SKU-103,Premium Colombian Coffee 500g,Beverages,191,143,129.95,16.99,7.8,0,6,18.32,1.11,165.2
SKU-108,Organic Honeycrisp Apples 1kg,Produce,335,83,76.87,6.27,3.1,20,2,6.49,1.35,133.9
SKU-103,Premium Colombian Coffee 500g,Beverages,342,114,114.69,15.57,7.8,0,6,17.12,1.33,149.8
SKU-106,Eco Bamboo Paper Towels 6pk,Household,150,118,104.33,13.2,5.2,5,3,13.27,1.21,143.0
SKU-104,Extra Virgin Olive Oil 750ml,Pantry,130,22,22.09,17.56,10.5,15,8,18.18,1.19,32.2
SKU-102,Artisan Sourdough Loaf,Bakery,114,203,209.91,6.39,2.1,20,3,6.54,1.32,357.8
SKU-106,Eco Bamboo Paper Towels 6pk,Household,58,15,15.39,11.38,5.2,15,5,11.24,1.16,21.4
SKU-104,Extra Virgin Olive Oil 750ml,Pantry,35,98,108.91,20.98,10.5,20,6,22.78,1.12,142.5
SKU-107,Hydrating Facial Cleanser 200ml,Personal Care,276,243,233.92,18.04,6.5,0,5,19.5,1.01,273.2
SKU-104,Extra Virgin Olive Oil 750ml,Pantry,307,66,67.99,18.46,10.5,30,7,18.57,1.34,125.8
SKU-102,Artisan Sourdough Loaf,Bakery,64,117,112.37,5.89,2.1,5,3,5.62,0.86,95.0
SKU-101,Organic Almond Milk 1L,Groceries,22,188,166.78,4.47,2.2,5,3,4.5,1.22,228.6
SKU-106,Eco Bamboo Paper Towels 6pk,Household,207,19,19.21,11.32,5.2,0,4,11.1,1.32,25.5
SKU-109,Plant Protein Powder 900g,Health & Nutrition,248,124,118.81,38.19,19.5,0,7,38.1,0.89,98.6
SKU-110,Dark Chocolate Sea Salt Bark,Snacks,32,184,198.74,7.98,3.4,10,4,7.67,1.08,215.2
SKU-106,Eco Bamboo Paper Towels 6pk,Household,181,166,182.66,11.44,5.2,15,3,11.76,1.16,213.6
SKU-104,Extra Virgin Olive Oil 750ml,Pantry,274,47,42.29,20.55,10.5,0,8,22.09,0.96,51.9
SKU-108,Organic Honeycrisp Apples 1kg,Produce,151,58,59.73,6.94,3.1,5,2,6.44,1.05,67.1
SKU-109,Plant Protein Powder 900g,Health & Nutrition,314,182,185.69,39.39,19.5,20,8,41.32,1.08,267.2
SKU-101,Organic Almond Milk 1L,Groceries,281,137,131.06,4.2,2.2,10,2,4.08,1.03,170.6
SKU-107,Hydrating Facial Cleanser 200ml,Personal Care,103,42,41.99,18.67,6.5,10,5,17.96,1.22,57.2
SKU-106,Eco Bamboo Paper Towels 6pk,Household,20,87,92.18,11.94,5.2,20,3,11.65,1.02,105.0
SKU-102,Artisan Sourdough Loaf,Bakery,28,200,206.07,6.06,2.1,0,1,6.25,1.16,234.3
SKU-104,Extra Virgin Olive Oil 750ml,Pantry,25,229,226.83,16.84,10.5,20,7,15.7,1.07,292.7
SKU-106,Eco Bamboo Paper Towels 6pk,Household,74,155,153.42,11.32,5.2,5,5,11.05,0.86,139.4
SKU-108,Organic Honeycrisp Apples 1kg,Produce,83,70,78.21,6.65,3.1,0,2,6.69,0.94,70.0
SKU-108,Organic Honeycrisp Apples 1kg,Produce,215,207,200.49,6.32,3.1,20,1,6.54,1.03,273.3
SKU-107,Hydrating Facial Cleanser 200ml,Personal Care,258,200,203.04,15.61,6.5,10,4,15.84,0.89,208.3
SKU-109,Plant Protein Powder 900g,Health & Nutrition,119,129,116.28,34.88,19.5,0,8,33.29,0.94,114.5
SKU-102,Artisan Sourdough Loaf,Bakery,284,95,99.27,6.14,2.1,0,3,6.26,1.05,100.2
SKU-105,Wireless Ergonomic Mouse,Electronics,296,115,125.75,28.75,16.0,0,11,29.5,1.18,141.8
SKU-102,Artisan Sourdough Loaf,Bakery,254,69,69.97,6.57,2.1,20,1,6.17,1.3,103.4
SKU-108,Organic Honeycrisp Apples 1kg,Produce,316,82,88.19,6.31,3.1,30,1,6.73,0.88,105.9
SKU-101,Organic Almond Milk 1L,Groceries,277,45,48.21,4.84,2.2,5,2,4.9,1.32,59.3
SKU-106,Eco Bamboo Paper Towels 6pk,Household,173,50,50.56,12.98,5.2,30,4,12.61,1.15,78.1
SKU-107,Hydrating Facial Cleanser 200ml,Personal Care,110,190,197.79,18.02,6.5,0,5,16.65,1.1,218.8
SKU-101,Organic Almond Milk 1L,Groceries,325,225,247.68,5.06,2.2,5,3,4.86,0.94,220.7
SKU-110,Dark Chocolate Sea Salt Bark,Snacks,158,136,130.18,7.5,3.4,5,2,8.08,1.3,193.4
SKU-108,Organic Honeycrisp Apples 1kg,Produce,195,128,114.16,6.65,3.1,0,2,7.21,0.95,121.5
SKU-106,Eco Bamboo Paper Towels 6pk,Household,136,246,246.23,11.65,5.2,0,3,10.74,0.88,196.1
SKU-109,Plant Protein Powder 900g,Health & Nutrition,20,213,225.62,33.25,19.5,0,8,36.38,0.89,199.8
SKU-102,Artisan Sourdough Loaf,Bakery,231,64,68.36,6.42,2.1,10,2,6.55,1.21,89.7
SKU-105,Wireless Ergonomic Mouse,Electronics,164,123,120.88,30.98,16.0,0,9,33.67,1.22,158.4
SKU-104,Extra Virgin Olive Oil 750ml,Pantry,172,183,175.84,19.54,10.5,5,7,19.27,0.91,175.8
SKU-104,Extra Virgin Olive Oil 750ml,Pantry,148,163,149.92,18.52,10.5,20,7,17.59,0.95,178.7
SKU-101,Organic Almond Milk 1L,Groceries,270,235,252.44,4.96,2.2,0,2,4.69,0.87,200.1
SKU-109,Plant Protein Powder 900g,Health & Nutrition,252,107,119.41,33.63,19.5,0,6,32.76,1.15,130.9
SKU-109,Plant Protein Powder 900g,Health & Nutrition,140,178,191.57,36.25,19.5,0,6,37.39,1.32,270.6
SKU-109,Plant Protein Powder 900g,Health & Nutrition,74,229,246.21,34.16,19.5,10,7,37.05,0.85,216.8
SKU-106,Eco Bamboo Paper Towels 6pk,Household,275,246,243.89,12.06,5.2,0,3,11.72,1.12,284.9
SKU-110,Dark Chocolate Sea Salt Bark,Snacks,245,82,82.4,8.89,3.4,15,3,9.17,1.1,99.6
SKU-108,Organic Honeycrisp Apples 1kg,Produce,164,111,98.44,6.18,3.1,5,1,6.15,0.9,102.7
SKU-104,Extra Virgin Olive Oil 750ml,Pantry,308,19,20.18,18.32,10.5,15,8,18.18,0.97,25.5
SKU-109,Plant Protein Powder 900g,Health & Nutrition,323,78,82.78,36.52,19.5,0,8,36.26,1.24,99.5
SKU-105,Wireless Ergonomic Mouse,Electronics,248,75,79.52,29.54,16.0,5,11,29.32,1.12,77.7
SKU-105,Wireless Ergonomic Mouse,Electronics,137,211,207.23,28.65,16.0,0,9,28.51,1.01,195.7
SKU-103,Premium Colombian Coffee 500g,Beverages,159,223,233.41,14.8,7.8,20,6,15.39,1.3,392.9
SKU-105,Wireless Ergonomic Mouse,Electronics,124,144,135.38,29.77,16.0,0,9,28.6,1.31,178.4
SKU-107,Hydrating Facial Cleanser 200ml,Personal Care,253,22,24.62,15.71,6.5,10,4,15.17,1.05,26.0
SKU-109,Plant Protein Powder 900g,Health & Nutrition,327,73,70.1,34.48,19.5,30,6,36.68,0.99,95.3
SKU-108,Organic Honeycrisp Apples 1kg,Produce,66,101,110.22,6.05,3.1,0,3,6.1,1.26,138.0
SKU-102,Artisan Sourdough Loaf,Bakery,214,21,21.99,6.83,2.1,0,2,6.67,0.88,17.7
SKU-106,Eco Bamboo Paper Towels 6pk,Household,278,182,176.84,12.96,5.2,0,4,12.4,1.28,245.3
SKU-106,Eco Bamboo Paper Towels 6pk,Household,257,46,49.46,12.68,5.2,10,5,13.4,0.89,47.0
SKU-108,Organic Honeycrisp Apples 1kg,Produce,203,176,192.55,6.87,3.1,0,1,6.92,1.3,212.0
SKU-105,Wireless Ergonomic Mouse,Electronics,56,123,126.08,29.53,16.0,0,9,27.39,1.24,137.6
SKU-102,Artisan Sourdough Loaf,Bakery,13,111,104.4,5.99,2.1,0,2,5.64,1.08,112.4
SKU-103,Premium Colombian Coffee 500g,Beverages,179,235,228.92,15.14,7.8,15,6,14.18,1.34,329.9
SKU-106,Eco Bamboo Paper Towels 6pk,Household,280,122,133.94,10.82,5.2,0,4,10.1,1.29,157.2
SKU-107,Hydrating Facial Cleanser 200ml,Personal Care,61,88,81.25,18.48,6.5,0,3,19.29,0.92,83.7
SKU-108,Organic Honeycrisp Apples 1kg,Produce,136,215,219.54,6.29,3.1,0,3,6.56,1.12,218.7
SKU-110,Dark Chocolate Sea Salt Bark,Snacks,90,69,65.11,7.63,3.4,0,3,7.2,1.16,74.1
SKU-104,Extra Virgin Olive Oil 750ml,Pantry,218,39,42.15,18.54,10.5,0,7,18.98,1.16,47.1
SKU-105,Wireless Ergonomic Mouse,Electronics,118,233,218.36,30.17,16.0,0,10,32.53,1.28,293.8
SKU-104,Extra Virgin Olive Oil 750ml,Pantry,307,223,197.61,18.53,10.5,0,7,18.28,0.98,205.9
SKU-103,Premium Colombian Coffee 500g,Beverages,327,79,80.69,14.02,7.8,0,6,14.28,0.86,68.1
SKU-101,Organic Almond Milk 1L,Groceries,278,62,68.63,4.14,2.2,0,3,3.87,1.13,70.0
SKU-110,Dark Chocolate Sea Salt Bark,Snacks,253,59,55.06,8.08,3.4,15,4,7.82,1.04,69.4
SKU-107,Hydrating Facial Cleanser 200ml,Personal Care,305,231,219.53,16.66,6.5,0,4,17.17,1.18,283.1
SKU-101,Organic Almond Milk 1L,Groceries,188,239,253.06,4.68,2.2,0,3,4.49,1.22,266.1
SKU-102,Artisan Sourdough Loaf,Bakery,317,208,230.3,5.55,2.1,10,2,5.67,1.22,325.8
SKU-101,Organic Almond Milk 1L,Groceries,26,240,224.2,4.86,2.2,5,2,4.66,1.09,227.0
SKU-101,Organic Almond Milk 1L,Groceries,278,157,163.54,4.37,2.2,5,3,4.34,1.34,231.0
SKU-106,Eco Bamboo Paper Towels 6pk,Household,230,130,136.13,10.66,5.2,5,5,11.36,1.18,164.8
SKU-108,Organic Honeycrisp Apples 1kg,Produce,340,123,114.44,7.25,3.1,5,2,7.65,1.26,156.3
SKU-102,Artisan Sourdough Loaf,Bakery,17,152,148.01,5.56,2.1,20,3,5.15,1.22,231.9
SKU-104,Extra Virgin Olive Oil 750ml,Pantry,13,186,208.14,20.34,10.5,0,7,22.01,1.21,228.7
SKU-109,Plant Protein Powder 900g,Health & Nutrition,23,247,238.75,38.67,19.5,0,8,41.42,0.99,241.7
SKU-106,Eco Bamboo Paper Towels 6pk,Household,126,75,77.0,11.27,5.2,0,5,10.54,1.29,96.2
SKU-108,Organic Honeycrisp Apples 1kg,Produce,345,32,34.14,5.95,3.1,10,3,5.74,1.3,44.8
SKU-102,Artisan Sourdough Loaf,Bakery,308,219,226.65,6.81,2.1,0,3,6.99,1.05,229.7
SKU-103,Premium Colombian Coffee 500g,Beverages,192,118,111.99,14.06,7.8,5,5,14.44,0.87,105.4
SKU-110,Dark Chocolate Sea Salt Bark,Snacks,135,25,22.95,7.99,3.4,0,3,7.84,1.08,22.7
SKU-105,Wireless Ergonomic Mouse,Electronics,179,73,69.79,34.21,16.0,20,9,31.56,1.04,94.8
SKU-106,Eco Bamboo Paper Towels 6pk,Household,75,183,170.14,10.8,5.2,10,4,10.5,0.88,173.1
SKU-110,Dark Chocolate Sea Salt Bark,Snacks,337,86,78.75,8.04,3.4,30,3,7.99,1.3,140.9
SKU-109,Plant Protein Powder 900g,Health & Nutrition,206,52,52.44,39.94,19.5,0,7,38.08,1.0,50.9
SKU-103,Premium Colombian Coffee 500g,Beverages,138,28,27.55,16.41,7.8,10,4,17.01,1.15,38.9
SKU-102,Artisan Sourdough Loaf,Bakery,289,68,66.67,6.59,2.1,5,2,6.42,0.96,66.5
SKU-106,Eco Bamboo Paper Towels 6pk,Household,160,181,196.64,13.18,5.2,0,3,12.55,1.3,228.1
SKU-105,Wireless Ergonomic Mouse,Electronics,326,77,70.04,29.86,16.0,20,10,29.34,0.87,77.5
SKU-109,Plant Protein Powder 900g,Health & Nutrition,273,174,190.74,38.27,19.5,5,8,36.23,1.23,219.1
SKU-106,Eco Bamboo Paper Towels 6pk,Household,338,146,134.66,12.09,5.2,0,5,11.63,1.02,147.9
SKU-109,Plant Protein Powder 900g,Health & Nutrition,282,72,78.76,32.45,19.5,0,8,33.37,1.34,99.1
SKU-101,Organic Almond Milk 1L,Groceries,288,57,56.08,4.43,2.2,30,4,4.27,0.89,72.7
SKU-102,Artisan Sourdough Loaf,Bakery,225,241,247.27,5.89,2.1,20,1,5.73,1.2,382.7
SKU-106,Eco Bamboo Paper Towels 6pk,Household,38,118,114.89,12.27,5.2,10,3,11.39,1.06,138.7
SKU-105,Wireless Ergonomic Mouse,Electronics,156,99,103.59,27.1,16.0,0,10,26.49,1.21,111.8
SKU-106,Eco Bamboo Paper Towels 6pk,Household,325,102,103.58,10.52,5.2,20,5,11.24,1.22,164.2
SKU-106,Eco Bamboo Paper Towels 6pk,Household,278,189,170.07,11.84,5.2,20,5,12.07,1.0,225.2
SKU-102,Artisan Sourdough Loaf,Bakery,72,163,174.88,6.86,2.1,15,3,7.18,1.01,220.4
SKU-105,Wireless Ergonomic Mouse,Electronics,113,196,183.35,33.76,16.0,0,9,32.6,1.19,212.2
SKU-107,Hydrating Facial Cleanser 200ml,Personal Care,279,94,97.03,17.8,6.5,0,3,16.85,1.07,108.6
SKU-107,Hydrating Facial Cleanser 200ml,Personal Care,176,229,203.51,16.33,6.5,0,4,16.5,0.87,184.7
SKU-104,Extra Virgin Olive Oil 750ml,Pantry,12,196,215.1,17.73,10.5,0,8,16.33,1.2,243.4
SKU-109,Plant Protein Powder 900g,Health & Nutrition,192,146,160.93,32.38,19.5,10,8,31.55,1.02,180.1
SKU-104,Extra Virgin Olive Oil 750ml,Pantry,32,88,98.25,18.81,10.5,15,8,17.91,0.91,101.3
SKU-106,Eco Bamboo Paper Towels 6pk,Household,125,134,146.56,11.59,5.2,0,5,12.57,1.14,160.5
SKU-101,Organic Almond Milk 1L,Groceries,154,22,21.25,4.88,2.2,25,2,4.82,0.98,29.4
SKU-104,Extra Virgin Olive Oil 750ml,Pantry,58,15,14.39,18.4,10.5,25,7,17.61,0.95,21.0
SKU-102,Artisan Sourdough Loaf,Bakery,124,43,42.55,5.59,2.1,5,1,5.88,1.19,49.3
SKU-106,Eco Bamboo Paper Towels 6pk,Household,102,74,70.61,12.11,5.2,0,5,12.04,1.33,95.3
SKU-106,Eco Bamboo Paper Towels 6pk,Household,73,179,157.94,11.31,5.2,0,3,12.17,0.97,179.6
SKU-108,Organic Honeycrisp Apples 1kg,Produce,143,153,140.21,6.24,3.1,0,2,6.42,1.13,170.2
SKU-109,Plant Protein Powder 900g,Health & Nutrition,27,190,210.51,35.86,19.5,5,7,33.49,0.97,201.7
SKU-101,Organic Almond Milk 1L,Groceries,244,155,147.22,4.84,2.2,20,3,4.68,1.18,233.0
SKU-105,Wireless Ergonomic Mouse,Electronics,159,107,100.7,28.17,16.0,10,10,26.39,0.88,106.5
SKU-104,Extra Virgin Olive Oil 750ml,Pantry,346,228,223.0,20.57,10.5,0,7,19.0,0.89,207.6
SKU-104,Extra Virgin Olive Oil 750ml,Pantry,306,43,39.39,20.27,10.5,10,8,20.04,1.28,61.8
SKU-108,Organic Honeycrisp Apples 1kg,Produce,63,54,56.97,6.23,3.1,0,3,6.37,1.23,72.4
SKU-110,Dark Chocolate Sea Salt Bark,Snacks,338,232,223.87,8.64,3.4,0,4,7.95,1.17,260.9
SKU-104,Extra Virgin Olive Oil 750ml,Pantry,333,133,123.82,17.0,10.5,10,6,18.55,1.14,184.8
SKU-108,Organic Honeycrisp Apples 1kg,Produce,317,84,91.79,6.33,3.1,15,3,6.52,0.88,97.8
SKU-104,Extra Virgin Olive Oil 750ml,Pantry,163,232,236.03,16.97,10.5,10,8,17.37,1.09,262.9
SKU-106,Eco Bamboo Paper Towels 6pk,Household,145,232,244.23,10.66,5.2,0,3,11.32,0.99,251.4
SKU-106,Eco Bamboo Paper Towels 6pk,Household,283,118,123.1,10.65,5.2,30,4,11.24,1.17,203.2
SKU-107,Hydrating Facial Cleanser 200ml,Personal Care,344,104,106.83,18.75,6.5,0,4,18.77,1.01,113.8
SKU-104,Extra Virgin Olive Oil 750ml,Pantry,58,136,152.05,16.9,10.5,5,6,15.83,1.04,162.9
SKU-109,Plant Protein Powder 900g,Health & Nutrition,316,15,15.04,33.18,19.5,20,8,31.15,1.1,18.3
SKU-102,Artisan Sourdough Loaf,Bakery,61,138,141.58,6.88,2.1,0,3,6.73,1.33,177.7
SKU-105,Wireless Ergonomic Mouse,Electronics,213,214,190.79,30.78,16.0,10,11,31.33,0.96,215.1
SKU-102,Artisan Sourdough Loaf,Bakery,343,214,196.69,5.8,2.1,0,1,5.72,1.33,278.7
SKU-103,Premium Colombian Coffee 500g,Beverages,75,27,24.93,15.84,7.8,10,4,16.78,0.87,29.4
SKU-106,Eco Bamboo Paper Towels 6pk,Household,311,241,224.52,11.93,5.2,10,3,13.12,1.09,254.0
SKU-104,Extra Virgin Olive Oil 750ml,Pantry,205,75,72.36,17.64,10.5,10,6,18.44,1.33,105.8
SKU-107,Hydrating Facial Cleanser 200ml,Personal Care,106,114,125.03,17.34,6.5,10,4,17.49,1.28,154.2
SKU-110,Dark Chocolate Sea Salt Bark,Snacks,251,37,36.07,8.22,3.4,20,2,7.67,1.28,55.5
SKU-107,Hydrating Facial Cleanser 200ml,Personal Care,312,54,53.7,17.92,6.5,10,4,19.26,0.98,61.2
SKU-108,Organic Honeycrisp Apples 1kg,Produce,15,236,257.03,6.67,3.1,10,2,6.14,1.11,303.4
SKU-103,Premium Colombian Coffee 500g,Beverages,278,49,53.34,15.9,7.8,0,4,15.08,1.05,58.2
SKU-101,Organic Almond Milk 1L,Groceries,14,180,192.32,4.62,2.2,20,4,4.66,1.02,230.4
SKU-107,Hydrating Facial Cleanser 200ml,Personal Care,294,233,240.06,15.65,6.5,20,3,15.16,1.11,305.4
SKU-101,Organic Almond Milk 1L,Groceries,25,183,174.94,4.92,2.2,0,4,5.22,0.93,186.1
SKU-106,Eco Bamboo Paper Towels 6pk,Household,31,82,77.87,10.93,5.2,5,4,11.07,1.22,101.4
SKU-102,Artisan Sourdough Loaf,Bakery,296,230,255.15,6.78,2.1,0,2,6.52,1.2,324.6
SKU-104,Extra Virgin Olive Oil 750ml,Pantry,280,102,104.95,20.18,10.5,15,8,21.52,1.09,117.0
SKU-104,Extra Virgin Olive Oil 750ml,Pantry,74,27,25.41,19.6,10.5,20,7,21.27,1.24,42.5
SKU-102,Artisan Sourdough Loaf,Bakery,295,115,128.66,5.69,2.1,0,2,5.31,1.11,131.2
SKU-105,Wireless Ergonomic Mouse,Electronics,152,204,191.68,29.79,16.0,15,10,30.03,1.17,271.0
SKU-103,Premium Colombian Coffee 500g,Beverages,116,133,119.03,16.95,7.8,0,4,17.21,1.23,164.0
SKU-105,Wireless Ergonomic Mouse,Electronics,49,147,159.56,33.7,16.0,10,11,35.4,1.34,247.0
SKU-103,Premium Colombian Coffee 500g,Beverages,130,228,223.44,14.67,7.8,0,4,14.65,0.94,222.2
SKU-109,Plant Protein Powder 900g,Health & Nutrition,211,143,155.27,35.99,19.5,10,8,33.6,0.9,130.4
SKU-107,Hydrating Facial Cleanser 200ml,Personal Care,229,48,44.17,15.48,6.5,25,3,15.75,0.88,64.0
SKU-101,Organic Almond Milk 1L,Groceries,206,55,55.68,5.1,2.2,5,3,5.46,1.04,59.2
SKU-101,Organic Almond Milk 1L,Groceries,241,110,110.81,4.61,2.2,15,3,4.58,1.24,159.6
SKU-108,Organic Honeycrisp Apples 1kg,Produce,305,43,45.82,5.95,3.1,25,3,5.78,1.24,73.4
SKU-109,Plant Protein Powder 900g,Health & Nutrition,316,45,46.0,37.37,19.5,0,8,40.13,0.86,39.9
SKU-107,Hydrating Facial Cleanser 200ml,Personal Care,246,195,178.21,19.05,6.5,5,4,20.78,0.86,171.1
SKU-101,Organic Almond Milk 1L,Groceries,158,210,206.04,5.04,2.2,0,2,5.28,0.99,196.6
SKU-102,Artisan Sourdough Loaf,Bakery,236,107,116.92,6.15,2.1,15,2,5.71,1.18,141.0
SKU-102,Artisan Sourdough Loaf,Bakery,345,137,140.99,5.53,2.1,5,1,5.31,1.32,194.6
SKU-101,Organic Almond Milk 1L,Groceries,185,141,138.54,5.13,2.2,10,4,4.95,1.16,194.3
SKU-110,Dark Chocolate Sea Salt Bark,Snacks,302,161,155.11,8.43,3.4,10,2,8.68,1.32,225.5
SKU-102,Artisan Sourdough Loaf,Bakery,15,244,230.13,6.09,2.1,20,1,5.69,1.14,318.1
SKU-110,Dark Chocolate Sea Salt Bark,Snacks,258,129,127.47,7.85,3.4,30,2,8.38,0.93,165.4
SKU-108,Organic Honeycrisp Apples 1kg,Produce,261,54,50.98,5.94,3.1,15,2,6.13,0.99,68.5
SKU-107,Hydrating Facial Cleanser 200ml,Personal Care,340,54,53.39,16.34,6.5,0,3,17.61,0.92,53.1
SKU-110,Dark Chocolate Sea Salt Bark,Snacks,275,58,52.71,8.93,3.4,25,3,8.34,1.16,82.1
SKU-104,Extra Virgin Olive Oil 750ml,Pantry,32,166,184.81,21.17,10.5,5,6,20.1,1.16,231.8
SKU-107,Hydrating Facial Cleanser 200ml,Personal Care,106,120,112.03,16.61,6.5,15,3,15.95,1.09,146.9
SKU-106,Eco Bamboo Paper Towels 6pk,Household,115,178,196.68,10.82,5.2,10,3,10.43,1.02,203.7
SKU-110,Dark Chocolate Sea Salt Bark,Snacks,338,65,66.95,8.81,3.4,0,3,8.38,1.29,84.8
SKU-107,Hydrating Facial Cleanser 200ml,Personal Care,247,221,199.99,15.43,6.5,0,5,16.54,1.18,263.1
SKU-102,Artisan Sourdough Loaf,Bakery,326,153,147.4,5.4,2.1,0,3,5.61,1.04,156.6
SKU-104,Extra Virgin Olive Oil 750ml,Pantry,115,206,202.32,17.1,10.5,30,8,17.31,1.33,385.9
SKU-104,Extra Virgin Olive Oil 750ml,Pantry,299,105,108.96,20.15,10.5,0,7,19.74,1.01,103.2
SKU-104,Extra Virgin Olive Oil 750ml,Pantry,12,158,145.86,19.18,10.5,20,6,18.69,1.24,236.9
SKU-106,Eco Bamboo Paper Towels 6pk,Household,244,244,249.14,11.81,5.2,5,4,11.32,0.95,219.4
SKU-101,Organic Almond Milk 1L,Groceries,15,36,33.85,4.36,2.2,10,4,4.14,0.95,34.5
SKU-101,Organic Almond Milk 1L,Groceries,16,20,22.35,4.67,2.2,0,4,4.79,1.3,27.6
SKU-109,Plant Protein Powder 900g,Health & Nutrition,20,147,148.63,39.87,19.5,15,8,42.78,0.88,161.6
SKU-104,Extra Virgin Olive Oil 750ml,Pantry,40,97,104.48,19.15,10.5,0,8,19.13,1.17,119.5
SKU-104,Extra Virgin Olive Oil 750ml,Pantry,151,198,211.99,17.84,10.5,5,6,19.5,1.33,302.9
SKU-109,Plant Protein Powder 900g,Health & Nutrition,52,234,247.88,33.51,19.5,0,7,31.05,0.87,179.4
SKU-104,Extra Virgin Olive Oil 750ml,Pantry,222,159,157.32,16.83,10.5,0,8,15.76,1.22,197.6
SKU-109,Plant Protein Powder 900g,Health & Nutrition,186,184,173.0,32.87,19.5,0,6,30.25,0.96,164.6
SKU-106,Eco Bamboo Paper Towels 6pk,Household,283,248,228.23,12.61,5.2,15,3,12.33,1.06,283.6
SKU-107,Hydrating Facial Cleanser 200ml,Personal Care,291,72,80.44,19.34,6.5,10,4,20.23,0.88,78.7
SKU-106,Eco Bamboo Paper Towels 6pk,Household,15,240,245.56,12.17,5.2,20,4,12.66,1.0,273.9
SKU-103,Premium Colombian Coffee 500g,Beverages,29,158,168.86,14.74,7.8,20,4,15.19,0.94,199.7
SKU-105,Wireless Ergonomic Mouse,Electronics,128,163,166.49,33.85,16.0,20,11,37.06,1.13,244.4
SKU-110,Dark Chocolate Sea Salt Bark,Snacks,246,71,62.55,7.57,3.4,0,2,7.95,1.16,87.5
SKU-109,Plant Protein Powder 900g,Health & Nutrition,110,210,233.96,37.11,19.5,5,8,36.18,1.32,291.2
SKU-103,Premium Colombian Coffee 500g,Beverages,144,61,56.44,16.18,7.8,0,6,16.22,0.91,51.2
SKU-110,Dark Chocolate Sea Salt Bark,Snacks,38,21,22.94,8.96,3.4,0,3,8.51,1.04,24.5
SKU-105,Wireless Ergonomic Mouse,Electronics,244,221,218.35,27.91,16.0,0,9,26.36,0.89,224.1
SKU-103,Premium Colombian Coffee 500g,Beverages,295,15,16.34,15.15,7.8,0,5,14.65,0.95,14.8
SKU-110,Dark Chocolate Sea Salt Bark,Snacks,267,148,158.59,8.24,3.4,0,3,8.45,1.21,172.4
SKU-103,Premium Colombian Coffee 500g,Beverages,189,18,16.57,13.93,7.8,15,6,14.21,0.89,17.3
SKU-110,Dark Chocolate Sea Salt Bark,Snacks,210,188,176.92,8.59,3.4,5,2,9.27,0.94,180.6
SKU-107,Hydrating Facial Cleanser 200ml,Personal Care,267,134,141.48,16.13,6.5,0,3,16.67,1.23,185.6
SKU-102,Artisan Sourdough Loaf,Bakery,207,226,208.49,5.83,2.1,10,1,5.7,1.27,295.5
SKU-102,Artisan Sourdough Loaf,Bakery,155,73,71.4,6.16,2.1,15,3,5.8,1.22,99.2
SKU-104,Extra Virgin Olive Oil 750ml,Pantry,217,91,91.04,19.54,10.5,0,8,20.5,1.0,90.1
SKU-102,Artisan Sourdough Loaf,Bakery,264,72,78.62,6.23,2.1,10,3,6.71,1.15,108.3
SKU-110,Dark Chocolate Sea Salt Bark,Snacks,141,36,38.85,7.31,3.4,0,2,7.77,1.29,42.8
SKU-105,Wireless Ergonomic Mouse,Electronics,55,154,164.24,30.78,16.0,5,10,32.34,1.14,185.4
SKU-105,Wireless Ergonomic Mouse,Electronics,257,21,21.02,33.02,16.0,5,9,31.98,0.98,22.0
SKU-104,Extra Virgin Olive Oil 750ml,Pantry,73,96,101.02,17.66,10.5,0,7,18.63,0.98,104.3
SKU-101,Organic Almond Milk 1L,Groceries,274,176,180.07,4.45,2.2,5,4,4.55,0.91,179.2
SKU-104,Extra Virgin Olive Oil 750ml,Pantry,282,142,140.31,18.78,10.5,5,7,20.26,0.96,156.7
SKU-105,Wireless Ergonomic Mouse,Electronics,229,129,123.36,28.04,16.0,0,10,26.02,1.35,185.1
SKU-110,Dark Chocolate Sea Salt Bark,Snacks,128,73,70.7,8.83,3.4,0,4,9.45,1.26,96.7
SKU-107,Hydrating Facial Cleanser 200ml,Personal Care,253,192,179.14,17.42,6.5,0,5,18.45,0.94,180.1
SKU-109,Plant Protein Powder 900g,Health & Nutrition,225,152,135.17,35.82,19.5,0,7,36.09,1.04,160.9
SKU-102,Artisan Sourdough Loaf,Bakery,187,194,206.79,6.4,2.1,0,3,6.45,1.16,243.2
SKU-110,Dark Chocolate Sea Salt Bark,Snacks,227,106,107.41,7.47,3.4,0,3,7.47,1.03,112.3
SKU-107,Hydrating Facial Cleanser 200ml,Personal Care,211,133,121.37,18.29,6.5,0,3,19.32,1.35,184.3
SKU-104,Extra Virgin Olive Oil 750ml,Pantry,314,204,216.25,20.11,10.5,30,7,20.26,1.2,340.4
SKU-102,Artisan Sourdough Loaf,Bakery,191,198,206.85,6.07,2.1,5,1,5.66,0.93,185.7
SKU-108,Organic Honeycrisp Apples 1kg,Produce,55,202,204.07,7.36,3.1,0,3,8.08,1.04,227.9
SKU-104,Extra Virgin Olive Oil 750ml,Pantry,273,46,48.34,18.4,10.5,30,8,18.01,1.03,61.1
SKU-110,Dark Chocolate Sea Salt Bark,Snacks,243,88,96.14,8.23,3.4,0,4,7.87,1.29,117.3
SKU-101,Organic Almond Milk 1L,Groceries,35,220,220.05,4.41,2.2,30,4,4.34,1.25,354.3
SKU-106,Eco Bamboo Paper Towels 6pk,Household,207,233,205.48,12.99,5.2,0,5,12.57,1.25,278.7
SKU-101,Organic Almond Milk 1L,Groceries,64,79,86.98,4.13,2.2,10,2,4.31,1.2,127.3
SKU-109,Plant Protein Powder 900g,Health & Nutrition,260,39,42.77,37.0,19.5,0,7,35.9,1.32,55.1
SKU-102,Artisan Sourdough Loaf,Bakery,257,107,112.13,5.46,2.1,0,3,5.71,0.95,106.2
SKU-105,Wireless Ergonomic Mouse,Electronics,313,228,243.83,32.33,16.0,0,11,33.43,1.32,311.3
SKU-106,Eco Bamboo Paper Towels 6pk,Household,132,248,245.36,12.39,5.2,15,4,12.5,1.02,306.2
SKU-102,Artisan Sourdough Loaf,Bakery,243,139,135.07,6.07,2.1,0,2,6.43,0.93,132.1
SKU-109,Plant Protein Powder 900g,Health & Nutrition,239,216,238.95,36.24,19.5,0,7,39.07,1.25,297.9
SKU-104,Extra Virgin Olive Oil 750ml,Pantry,24,232,259.28,19.34,10.5,0,8,19.39,0.86,210.8
SKU-108,Organic Honeycrisp Apples 1kg,Produce,197,70,75.77,7.23,3.1,15,3,7.45,1.18,100.3
SKU-109,Plant Protein Powder 900g,Health & Nutrition,15,165,155.94,38.44,19.5,0,6,36.46,1.27,213.7
SKU-104,Extra Virgin Olive Oil 750ml,Pantry,259,197,188.83,19.69,10.5,0,8,19.91,0.97,183.3
SKU-101,Organic Almond Milk 1L,Groceries,11,126,123.63,4.54,2.2,0,3,4.47,1.1,146.0
SKU-106,Eco Bamboo Paper Towels 6pk,Household,74,147,162.9,10.65,5.2,0,5,10.96,1.31,208.1
SKU-109,Plant Protein Powder 900g,Health & Nutrition,119,166,168.22,37.04,19.5,20,8,39.05,1.15,228.2
SKU-103,Premium Colombian Coffee 500g,Beverages,95,18,16.59,15.32,7.8,20,4,14.86,0.92,19.7
SKU-105,Wireless Ergonomic Mouse,Electronics,102,240,260.43,27.58,16.0,15,9,27.1,1.25,346.7
SKU-101,Organic Almond Milk 1L,Groceries,318,60,63.02,4.11,2.2,25,4,3.84,0.95,76.0
SKU-106,Eco Bamboo Paper Towels 6pk,Household,267,243,271.6,12.21,5.2,0,4,12.35,0.93,244.4
SKU-101,Organic Almond Milk 1L,Groceries,172,182,165.2,4.68,2.2,10,2,4.88,0.96,213.4
SKU-103,Premium Colombian Coffee 500g,Beverages,68,134,142.79,16.14,7.8,0,4,16.57,1.1,155.7
SKU-107,Hydrating Facial Cleanser 200ml,Personal Care,330,238,246.86,17.26,6.5,0,5,17.48,1.05,275.3
SKU-108,Organic Honeycrisp Apples 1kg,Produce,303,50,50.99,6.82,3.1,0,1,6.52,1.22,53.7
SKU-104,Extra Virgin Olive Oil 750ml,Pantry,155,84,89.52,20.72,10.5,0,7,19.42,1.25,106.7
SKU-105,Wireless Ergonomic Mouse,Electronics,147,189,208.54,28.23,16.0,0,10,28.72,0.93,185.5
SKU-109,Plant Protein Powder 900g,Health & Nutrition,245,169,166.27,37.43,19.5,5,8,36.68,1.24,215.9
SKU-101,Organic Almond Milk 1L,Groceries,148,227,251.28,4.86,2.2,15,3,4.71,1.14,306.7
SKU-109,Plant Protein Powder 900g,Health & Nutrition,210,102,105.11,31.59,19.5,15,6,33.27,1.02,121.0
SKU-108,Organic Honeycrisp Apples 1kg,Produce,156,88,77.87,7.09,3.1,5,2,7.56,0.9,75.5
SKU-101,Organic Almond Milk 1L,Groceries,153,183,197.67,4.06,2.2,0,2,4.28,1.13,226.2
SKU-110,Dark Chocolate Sea Salt Bark,Snacks,314,147,158.45,8.64,3.4,20,3,8.22,0.99,156.8
SKU-106,Eco Bamboo Paper Towels 6pk,Household,340,44,40.57,10.82,5.2,10,3,11.74,1.24,58.6
SKU-110,Dark Chocolate Sea Salt Bark,Snacks,103,163,148.26,8.17,3.4,10,4,8.37,1.2,219.9
SKU-101,Organic Almond Milk 1L,Groceries,84,30,28.34,4.72,2.2,0,4,4.74,1.27,36.5
SKU-101,Organic Almond Milk 1L,Groceries,65,135,140.25,4.66,2.2,0,2,4.96,0.96,146.6
SKU-108,Organic Honeycrisp Apples 1kg,Produce,80,189,187.02,5.89,3.1,25,1,5.88,1.13,257.7
SKU-102,Artisan Sourdough Loaf,Bakery,127,106,107.86,6.88,2.1,20,1,6.34,1.09,147.8
SKU-101,Organic Almond Milk 1L,Groceries,176,68,67.49,4.95,2.2,25,4,4.77,0.93,79.3
SKU-106,Eco Bamboo Paper Towels 6pk,Household,311,143,158.19,10.82,5.2,0,3,10.25,1.2,194.4
SKU-110,Dark Chocolate Sea Salt Bark,Snacks,71,110,97.98,9.1,3.4,30,4,8.83,0.88,134.5
SKU-109,Plant Protein Powder 900g,Health & Nutrition,70,19,17.43,38.33,19.5,15,6,40.71,1.18,23.1
SKU-110,Dark Chocolate Sea Salt Bark,Snacks,239,91,81.99,8.42,3.4,0,4,8.55,0.92,82.7
SKU-106,Eco Bamboo Paper Towels 6pk,Household,12,107,110.42,12.91,5.2,10,4,13.31,1.3,166.6
SKU-106,Eco Bamboo Paper Towels 6pk,Household,322,228,252.95,10.69,5.2,0,4,11.63,1.15,283.7
SKU-106,Eco Bamboo Paper Towels 6pk,Household,198,79,82.67,11.56,5.2,5,3,12.54,1.32,108.0
SKU-101,Organic Almond Milk 1L,Groceries,187,54,48.15,4.48,2.2,20,4,4.73,1.04,74.4
SKU-108,Organic Honeycrisp Apples 1kg,Produce,133,28,29.18,7.09,3.1,15,1,7.46,1.17,43.1
SKU-107,Hydrating Facial Cleanser 200ml,Personal Care,188,224,235.65,18.71,6.5,30,5,17.67,1.23,423.7
SKU-102,Artisan Sourdough Loaf,Bakery,336,167,169.81,6.44,2.1,0,2,7.0,0.89,137.2
SKU-104,Extra Virgin Olive Oil 750ml,Pantry,226,125,112.33,17.86,10.5,30,8,16.79,0.87,133.0
SKU-106,Eco Bamboo Paper Towels 6pk,Household,280,179,173.27,11.64,5.2,0,3,12.14,1.07,179.2
SKU-107,Hydrating Facial Cleanser 200ml,Personal Care,16,46,45.93,15.94,6.5,0,4,14.68,1.2,52.8
SKU-109,Plant Protein Powder 900g,Health & Nutrition,70,219,193.68,36.26,19.5,15,7,37.42,0.97,263.0
SKU-108,Organic Honeycrisp Apples 1kg,Produce,53,109,108.27,7.0,3.1,20,2,6.78,1.03,151.0
SKU-108,Organic Honeycrisp Apples 1kg,Produce,345,170,190.02,7.18,3.1,15,2,6.87,1.01,215.0
SKU-109,Plant Protein Powder 900g,Health & Nutrition,293,126,119.04,37.75,19.5,30,6,39.43,1.32,226.1
SKU-106,Eco Bamboo Paper Towels 6pk,Household,17,213,223.78,11.8,5.2,10,4,12.34,1.15,303.9
SKU-108,Organic Honeycrisp Apples 1kg,Produce,237,188,195.32,6.73,3.1,20,2,6.74,1.27,300.5
SKU-106,Eco Bamboo Paper Towels 6pk,Household,249,93,102.94,12.65,5.2,25,5,12.94,1.26,165.7
SKU-106,Eco Bamboo Paper Towels 6pk,Household,349,64,64.88,12.31,5.2,0,5,11.87,1.28,77.0
SKU-108,Organic Honeycrisp Apples 1kg,Produce,328,183,193.41,7.13,3.1,0,2,7.54,1.27,220.7
SKU-101,Organic Almond Milk 1L,Groceries,138,103,97.63,4.6,2.2,25,2,4.36,1.08,151.5
SKU-104,Extra Virgin Olive Oil 750ml,Pantry,344,195,189.82,20.37,10.5,30,7,20.16,1.34,344.3
SKU-108,Organic Honeycrisp Apples 1kg,Produce,284,79,69.83,5.97,3.1,10,1,5.64,1.3,88.8
SKU-105,Wireless Ergonomic Mouse,Electronics,311,41,39.16,30.12,16.0,0,9,30.45,0.92,37.0
SKU-106,Eco Bamboo Paper Towels 6pk,Household,214,100,108.6,12.71,5.2,0,4,13.03,1.23,135.3
SKU-106,Eco Bamboo Paper Towels 6pk,Household,154,110,110.46,10.9,5.2,10,5,11.62,1.1,140.3
SKU-105,Wireless Ergonomic Mouse,Electronics,111,49,43.61,27.46,16.0,25,9,30.13,1.02,55.2
SKU-104,Extra Virgin Olive Oil 750ml,Pantry,11,211,210.81,19.52,10.5,5,8,20.45,0.92,220.3
SKU-108,Organic Honeycrisp Apples 1kg,Produce,236,61,67.24,6.01,3.1,0,2,6.48,1.24,80.9
SKU-107,Hydrating Facial Cleanser 200ml,Personal Care,244,199,207.7,17.16,6.5,30,3,17.54,1.0,280.0
SKU-107,Hydrating Facial Cleanser 200ml,Personal Care,211,170,163.06,19.02,6.5,0,4,17.63,1.34,222.2
SKU-105,Wireless Ergonomic Mouse,Electronics,257,30,31.84,28.22,16.0,25,9,27.83,0.93,37.2
SKU-109,Plant Protein Powder 900g,Health & Nutrition,287,116,105.93,39.98,19.5,0,6,37.58,1.35,151.1
SKU-109,Plant Protein Powder 900g,Health & Nutrition,235,60,64.59,34.67,19.5,0,7,34.17,1.11,65.7
SKU-103,Premium Colombian Coffee 500g,Beverages,137,91,93.48,13.69,7.8,0,5,14.32,1.14,111.4
SKU-105,Wireless Ergonomic Mouse,Electronics,279,108,100.47,32.09,16.0,0,10,30.37,0.96,91.9
SKU-104,Extra Virgin Olive Oil 750ml,Pantry,324,54,49.43,18.11,10.5,10,6,17.83,1.24,75.4
SKU-102,Artisan Sourdough Loaf,Bakery,254,170,153.62,6.23,2.1,0,2,5.97,1.33,206.4
SKU-102,Artisan Sourdough Loaf,Bakery,32,217,215.93,6.03,2.1,15,2,6.16,1.0,269.7
SKU-105,Wireless Ergonomic Mouse,Electronics,147,143,152.88,31.93,16.0,5,11,29.89,0.93,150.8
SKU-103,Premium Colombian Coffee 500g,Beverages,24,50,48.15,13.65,7.8,15,5,14.9,1.11,69.3
SKU-102,Artisan Sourdough Loaf,Bakery,160,216,218.69,5.46,2.1,30,3,5.84,1.31,391.1
SKU-105,Wireless Ergonomic Mouse,Electronics,69,227,204.22,32.0,16.0,0,10,33.07,1.17,224.7
SKU-103,Premium Colombian Coffee 500g,Beverages,104,97,91.01,13.81,7.8,5,5,14.91,1.09,119.3
SKU-105,Wireless Ergonomic Mouse,Electronics,60,40,39.2,32.72,16.0,0,10,33.93,1.2,47.3
SKU-106,Eco Bamboo Paper Towels 6pk,Household,64,94,88.5,10.98,5.2,0,3,11.56,1.15,110.1
SKU-105,Wireless Ergonomic Mouse,Electronics,76,101,102.19,32.57,16.0,5,9,35.83,1.23,132.1
SKU-103,Premium Colombian Coffee 500g,Beverages,299,41,43.47,16.12,7.8,20,5,15.83,1.1,59.6
SKU-106,Eco Bamboo Paper Towels 6pk,Household,227,77,72.71,12.89,5.2,15,5,14.01,1.19,114.3
SKU-109,Plant Protein Powder 900g,Health & Nutrition,329,45,39.73,37.0,19.5,0,7,34.74,0.93,36.1
SKU-109,Plant Protein Powder 900g,Health & Nutrition,291,28,28.53,37.05,19.5,0,6,37.24,1.34,35.1
SKU-110,Dark Chocolate Sea Salt Bark,Snacks,135,187,187.81,7.21,3.4,5,2,6.76,1.12,217.3
SKU-103,Premium Colombian Coffee 500g,Beverages,134,188,198.48,14.11,7.8,30,6,13.55,1.15,329.9
SKU-104,Extra Virgin Olive Oil 750ml,Pantry,24,176,178.92,18.38,10.5,10,7,17.45,1.14,214.2
SKU-104,Extra Virgin Olive Oil 750ml,Pantry,291,154,138.61,20.37,10.5,5,7,21.55,0.96,162.8
SKU-106,Eco Bamboo Paper Towels 6pk,Household,318,64,68.05,12.37,5.2,10,3,13.35,1.3,93.3
SKU-101,Organic Almond Milk 1L,Groceries,130,46,50.87,4.88,2.2,0,4,5.16,0.9,43.9
SKU-109,Plant Protein Powder 900g,Health & Nutrition,320,157,155.22,38.3,19.5,5,8,36.3,1.19,199.5
SKU-107,Hydrating Facial Cleanser 200ml,Personal Care,264,118,109.28,17.2,6.5,0,4,17.55,1.25,141.9
SKU-105,Wireless Ergonomic Mouse,Electronics,134,58,54.18,31.95,16.0,5,10,32.27,0.92,56.1
SKU-104,Extra Virgin Olive Oil 750ml,Pantry,317,82,74.84,20.16,10.5,25,7,20.73,1.07,121.5
SKU-109,Plant Protein Powder 900g,Health & Nutrition,232,148,139.54,36.81,19.5,10,6,36.49,1.35,209.1
SKU-108,Organic Honeycrisp Apples 1kg,Produce,311,41,42.77,7.46,3.1,10,3,7.22,1.11,53.7
SKU-102,Artisan Sourdough Loaf,Bakery,144,108,112.31,6.84,2.1,5,2,6.54,1.22,149.4
SKU-104,Extra Virgin Olive Oil 750ml,Pantry,282,141,127.07,18.55,10.5,5,8,18.61,1.09,161.9
SKU-104,Extra Virgin Olive Oil 750ml,Pantry,163,103,108.37,18.48,10.5,0,7,18.14,1.27,141.3
SKU-103,Premium Colombian Coffee 500g,Beverages,144,68,62.96,15.44,7.8,10,6,14.33,0.92,66.7
SKU-105,Wireless Ergonomic Mouse,Electronics,316,182,182.49,28.19,16.0,20,11,27.42,1.01,229.6
SKU-101,Organic Almond Milk 1L,Groceries,89,93,96.98,4.56,2.2,5,2,4.9,0.95,89.0
SKU-110,Dark Chocolate Sea Salt Bark,Snacks,89,133,132.69,7.91,3.4,30,4,7.44,1.33,242.3
SKU-103,Premium Colombian Coffee 500g,Beverages,179,42,40.73,14.01,7.8,20,5,14.78,1.18,64.1
SKU-101,Organic Almond Milk 1L,Groceries,163,218,224.63,4.71,2.2,0,3,4.57,1.2,254.9
SKU-105,Wireless Ergonomic Mouse,Electronics,25,214,203.5,31.8,16.0,0,9,32.0,1.03,206.3
SKU-105,Wireless Ergonomic Mouse,Electronics,274,52,48.71,29.73,16.0,15,10,31.3,0.96,56.1
SKU-110,Dark Chocolate Sea Salt Bark,Snacks,141,143,129.35,8.47,3.4,0,3,8.76,0.85,115.5
SKU-101,Organic Almond Milk 1L,Groceries,175,139,153.11,4.27,2.2,10,4,4.24,1.15,182.4
SKU-102,Artisan Sourdough Loaf,Bakery,279,157,161.67,6.05,2.1,5,1,6.61,1.27,231.8
SKU-107,Hydrating Facial Cleanser 200ml,Personal Care,111,244,257.26,19.18,6.5,0,5,20.21,1.01,271.0
SKU-110,Dark Chocolate Sea Salt Bark,Snacks,180,214,229.58,8.17,3.4,0,4,8.74,0.97,231.5
SKU-107,Hydrating Facial Cleanser 200ml,Personal Care,220,206,223.1,16.17,6.5,15,3,17.01,1.24,327.1
SKU-103,Premium Colombian Coffee 500g,Beverages,118,240,222.24,17.03,7.8,5,4,17.29,1.15,295.6
SKU-110,Dark Chocolate Sea Salt Bark,Snacks,79,249,277.4,9.12,3.4,0,2,10.02,1.28,359.1
SKU-106,Eco Bamboo Paper Towels 6pk,Household,44,118,128.07,12.46,5.2,0,3,13.49,0.9,114.0
SKU-105,Wireless Ergonomic Mouse,Electronics,93,185,169.09,30.5,16.0,0,9,31.08,0.85,157.0
SKU-104,Extra Virgin Olive Oil 750ml,Pantry,189,92,86.69,20.09,10.5,0,8,21.55,1.28,122.8
SKU-103,Premium Colombian Coffee 500g,Beverages,24,105,101.05,16.55,7.8,30,5,16.6,0.9,132.6
SKU-101,Organic Almond Milk 1L,Groceries,274,182,183.55,4.06,2.2,0,2,4.41,1.07,201.5
SKU-103,Premium Colombian Coffee 500g,Beverages,319,17,16.13,13.61,7.8,0,6,13.06,0.85,13.0
SKU-101,Organic Almond Milk 1L,Groceries,265,132,144.32,4.55,2.2,0,3,4.94,1.08,172.8
SKU-104,Extra Virgin Olive Oil 750ml,Pantry,165,170,190.2,16.77,10.5,20,7,15.44,1.19,255.8
SKU-104,Extra Virgin Olive Oil 750ml,Pantry,259,196,182.71,17.68,10.5,0,8,18.13,1.15,228.6
SKU-101,Organic Almond Milk 1L,Groceries,296,89,84.03,5.11,2.2,0,3,5.35,1.2,115.3
SKU-105,Wireless Ergonomic Mouse,Electronics,288,238,261.81,27.6,16.0,20,10,27.63,1.25,395.1
SKU-107,Hydrating Facial Cleanser 200ml,Personal Care,327,52,49.93,15.41,6.5,0,3,15.41,0.92,47.0
SKU-102,Artisan Sourdough Loaf,Bakery,312,222,200.23,6.2,2.1,0,3,6.23,1.2,260.0
SKU-102,Artisan Sourdough Loaf,Bakery,287,74,70.03,6.36,2.1,0,3,5.94,0.98,70.7
SKU-107,Hydrating Facial Cleanser 200ml,Personal Care,41,225,245.63,17.09,6.5,5,4,16.22,0.96,232.7
SKU-101,Organic Almond Milk 1L,Groceries,96,80,78.92,5.05,2.2,10,3,5.21,1.04,93.8
SKU-103,Premium Colombian Coffee 500g,Beverages,89,185,177.55,16.0,7.8,0,4,16.81,0.93,165.3
SKU-108,Organic Honeycrisp Apples 1kg,Produce,343,30,27.75,6.42,3.1,0,2,6.79,1.17,30.4
SKU-105,Wireless Ergonomic Mouse,Electronics,56,183,172.11,34.1,16.0,5,11,31.58,0.88,151.7
SKU-108,Organic Honeycrisp Apples 1kg,Produce,70,58,54.32,7.13,3.1,0,3,7.12,1.05,59.1
SKU-109,Plant Protein Powder 900g,Health & Nutrition,126,39,43.59,34.09,19.5,0,6,31.39,1.3,56.0
SKU-107,Hydrating Facial Cleanser 200ml,Personal Care,27,211,221.97,16.78,6.5,15,5,18.28,1.06,280.2
SKU-101,Organic Almond Milk 1L,Groceries,174,85,88.41,4.77,2.2,10,2,4.49,1.19,118.9
SKU-102,Artisan Sourdough Loaf,Bakery,91,231,229.92,5.41,2.1,5,1,5.78,1.11,319.3
SKU-106,Eco Bamboo Paper Towels 6pk,Household,348,188,196.57,11.9,5.2,10,3,11.17,1.1,210.0
SKU-107,Hydrating Facial Cleanser 200ml,Personal Care,175,226,230.04,18.45,6.5,10,3,17.62,1.22,304.9
SKU-105,Wireless Ergonomic Mouse,Electronics,316,16,16.08,29.96,16.0,0,9,31.72,1.21,19.5
SKU-104,Extra Virgin Olive Oil 750ml,Pantry,344,228,250.58,17.18,10.5,5,8,15.81,1.07,259.8
SKU-106,Eco Bamboo Paper Towels 6pk,Household,51,52,48.74,11.67,5.2,0,5,11.97,1.11,56.2
SKU-107,Hydrating Facial Cleanser 200ml,Personal Care,113,206,200.5,18.91,6.5,10,3,17.88,1.23,264.8
SKU-104,Extra Virgin Olive Oil 750ml,Pantry,89,141,140.38,18.97,10.5,0,6,19.79,0.99,130.1
SKU-106,Eco Bamboo Paper Towels 6pk,Household,90,166,174.49,11.14,5.2,0,3,11.98,1.01,195.3
SKU-102,Artisan Sourdough Loaf,Bakery,298,241,219.29,6.11,2.1,0,2,5.65,1.11,234.4
SKU-107,Hydrating Facial Cleanser 200ml,Personal Care,27,218,233.85,18.04,6.5,20,4,17.87,0.95,265.4
SKU-108,Organic Honeycrisp Apples 1kg,Produce,31,185,193.09,6.06,3.1,0,2,6.4,1.04,198.5
SKU-105,Wireless Ergonomic Mouse,Electronics,314,246,220.27,31.55,16.0,5,9,30.42,0.9,229.5
SKU-110,Dark Chocolate Sea Salt Bark,Snacks,196,246,217.37,8.21,3.4,5,4,7.94,1.32,324.8
SKU-104,Extra Virgin Olive Oil 750ml,Pantry,249,93,89.16,18.5,10.5,15,7,18.9,0.86,87.8
SKU-107,Hydrating Facial Cleanser 200ml,Personal Care,6,157,175.14,19.31,6.5,30,5,21.07,0.92,211.6
SKU-102,Artisan Sourdough Loaf,Bakery,222,245,217.91,6.24,2.1,15,1,6.03,1.31,342.5
SKU-104,Extra Virgin Olive Oil 750ml,Pantry,36,169,169.63,17.91,10.5,10,8,17.65,1.19,222.2
SKU-101,Organic Almond Milk 1L,Groceries,269,129,125.69,5.11,2.2,5,4,5.36,1.1,156.7
SKU-110,Dark Chocolate Sea Salt Bark,Snacks,280,231,232.62,8.6,3.4,20,3,8.28,0.87,239.0
SKU-102,Artisan Sourdough Loaf,Bakery,231,62,59.14,5.82,2.1,0,1,6.05,0.9,50.1
SKU-106,Eco Bamboo Paper Towels 6pk,Household,145,82,79.13,10.42,5.2,30,3,10.76,1.23,148.9
SKU-103,Premium Colombian Coffee 500g,Beverages,277,143,136.73,16.28,7.8,15,6,16.44,0.89,152.5
SKU-102,Artisan Sourdough Loaf,Bakery,255,209,213.81,6.78,2.1,5,3,7.44,1.0,245.9
SKU-108,Organic Honeycrisp Apples 1kg,Produce,309,103,106.12,6.34,3.1,10,3,6.15,1.31,155.6
SKU-102,Artisan Sourdough Loaf,Bakery,251,245,244.59,6.8,2.1,5,2,7.0,1.11,323.3
SKU-101,Organic Almond Milk 1L,Groceries,226,173,186.94,4.25,2.2,10,3,3.95,0.97,211.2
SKU-107,Hydrating Facial Cleanser 200ml,Personal Care,316,45,42.29,18.78,6.5,10,4,20.49,1.22,55.5
SKU-107,Hydrating Facial Cleanser 200ml,Personal Care,290,122,112.76,16.87,6.5,5,5,15.68,1.12,139.4
SKU-102,Artisan Sourdough Loaf,Bakery,250,157,166.53,6.49,2.1,0,2,6.77,1.19,191.9
SKU-103,Premium Colombian Coffee 500g,Beverages,191,186,200.79,15.91,7.8,10,4,15.71,1.01,226.0
SKU-106,Eco Bamboo Paper Towels 6pk,Household,47,115,122.24,13.08,5.2,30,3,13.03,1.21,193.1
SKU-108,Organic Honeycrisp Apples 1kg,Produce,59,166,156.02,6.66,3.1,0,3,7.17,1.16,184.6
SKU-103,Premium Colombian Coffee 500g,Beverages,16,61,67.65,15.73,7.8,15,6,16.49,1.32,97.9
SKU-107,Hydrating Facial Cleanser 200ml,Personal Care,228,128,128.79,15.88,6.5,25,3,17.26,0.96,169.5
SKU-105,Wireless Ergonomic Mouse,Electronics,153,239,245.46,33.0,16.0,5,11,32.26,1.21,312.7
SKU-109,Plant Protein Powder 900g,Health & Nutrition,55,88,78.34,37.18,19.5,10,7,37.91,0.94,95.4
SKU-109,Plant Protein Powder 900g,Health & Nutrition,148,247,219.96,33.54,19.5,0,7,33.57,1.07,263.4
SKU-102,Artisan Sourdough Loaf,Bakery,224,110,107.8,6.84,2.1,10,2,7.08,1.24,157.7
SKU-106,Eco Bamboo Paper Towels 6pk,Household,176,70,78.06,11.38,5.2,0,3,11.49,0.93,67.0
SKU-110,Dark Chocolate Sea Salt Bark,Snacks,195,76,79.52,7.99,3.4,5,2,7.75,1.22,93.2
SKU-109,Plant Protein Powder 900g,Health & Nutrition,14,154,166.01,36.26,19.5,0,8,35.56,1.14,174.2
SKU-106,Eco Bamboo Paper Towels 6pk,Household,82,246,274.37,13.2,5.2,5,3,14.43,0.86,232.0
SKU-101,Organic Almond Milk 1L,Groceries,136,35,38.02,4.7,2.2,25,2,4.91,1.26,61.4
SKU-110,Dark Chocolate Sea Salt Bark,Snacks,145,150,149.43,8.88,3.4,10,4,9.45,1.33,230.2
SKU-102,Artisan Sourdough Loaf,Bakery,296,65,66.41,6.76,2.1,20,1,6.44,1.26,93.0
SKU-109,Plant Protein Powder 900g,Health & Nutrition,45,225,215.43,32.26,19.5,0,7,34.63,1.29,266.6
SKU-109,Plant Protein Powder 900g,Health & Nutrition,249,200,215.04,33.43,19.5,0,7,31.63,1.21,234.6
SKU-102,Artisan Sourdough Loaf,Bakery,6,197,200.83,5.82,2.1,15,3,5.97,1.27,301.9
SKU-102,Artisan Sourdough Loaf,Bakery,276,90,97.81,6.74,2.1,20,2,7.18,1.15,138.7
SKU-109,Plant Protein Powder 900g,Health & Nutrition,98,97,94.02,37.82,19.5,5,7,38.68,1.24,123.3
SKU-110,Dark Chocolate Sea Salt Bark,Snacks,150,218,205.58,7.54,3.4,0,2,7.06,1.12,221.1
SKU-106,Eco Bamboo Paper Towels 6pk,Household,271,227,209.83,12.3,5.2,25,4,12.51,0.92,274.0
SKU-101,Organic Almond Milk 1L,Groceries,52,119,115.26,4.79,2.2,25,2,4.48,1.15,177.0
SKU-110,Dark Chocolate Sea Salt Bark,Snacks,228,100,108.96,7.53,3.4,0,3,7.4,1.1,104.9
SKU-107,Hydrating Facial Cleanser 200ml,Personal Care,140,203,222.17,17.39,6.5,0,5,18.53,1.07,226.0
SKU-105,Wireless Ergonomic Mouse,Electronics,271,175,178.09,34.32,16.0,20,11,31.94,1.02,226.4
SKU-104,Extra Virgin Olive Oil 750ml,Pantry,341,215,225.77,20.76,10.5,0,7,20.4,0.9,213.6
SKU-104,Extra Virgin Olive Oil 750ml,Pantry,122,119,120.25,20.35,10.5,15,8,22.26,1.28,191.4
SKU-104,Extra Virgin Olive Oil 750ml,Pantry,154,69,65.35,21.14,10.5,0,6,21.39,1.25,80.5
SKU-110,Dark Chocolate Sea Salt Bark,Snacks,216,206,196.84,8.0,3.4,0,4,8.64,0.93,177.6
SKU-106,Eco Bamboo Paper Towels 6pk,Household,112,99,87.14,12.65,5.2,20,4,13.85,0.91,103.7
SKU-101,Organic Almond Milk 1L,Groceries,330,249,254.36,4.81,2.2,10,2,5.16,0.94,265.9
SKU-104,Extra Virgin Olive Oil 750ml,Pantry,195,177,164.32,16.9,10.5,10,6,17.12,1.31,251.5
SKU-104,Extra Virgin Olive Oil 750ml,Pantry,152,95,103.54,16.88,10.5,5,8,16.99,0.93,96.2
SKU-103,Premium Colombian Coffee 500g,Beverages,265,15,13.61,14.9,7.8,0,6,14.07,1.29,17.1
SKU-110,Dark Chocolate Sea Salt Bark,Snacks,342,46,48.63,8.9,3.4,10,2,8.26,1.18,59.5
SKU-101,Organic Almond Milk 1L,Groceries,33,42,38.44,4.25,2.2,0,4,4.59,1.21,52.5
SKU-108,Organic Honeycrisp Apples 1kg,Produce,85,217,201.6,7.01,3.1,0,3,7.31,0.99,210.5
SKU-108,Organic Honeycrisp Apples 1kg,Produce,91,35,36.98,7.19,3.1,25,3,7.36,1.22,57.0
SKU-103,Premium Colombian Coffee 500g,Beverages,76,53,47.54,14.69,7.8,5,6,16.15,0.93,56.9
SKU-108,Organic Honeycrisp Apples 1kg,Produce,23,179,200.4,6.42,3.1,20,1,6.35,1.15,263.9
SKU-105,Wireless Ergonomic Mouse,Electronics,280,19,18.41,32.58,16.0,0,10,33.53,1.25,24.0
SKU-108,Organic Honeycrisp Apples 1kg,Produce,230,83,83.25,6.82,3.1,5,3,6.51,1.19,111.7
SKU-107,Hydrating Facial Cleanser 200ml,Personal Care,50,164,183.6,17.23,6.5,5,4,16.97,0.95,156.9
SKU-102,Artisan Sourdough Loaf,Bakery,292,86,77.82,6.7,2.1,0,1,6.85,0.91,73.8
SKU-108,Organic Honeycrisp Apples 1kg,Produce,241,116,121.59,6.54,3.1,0,2,7.18,1.12,147.4
SKU-108,Organic Honeycrisp Apples 1kg,Produce,169,125,139.19,5.96,3.1,0,3,5.89,1.16,149.4
SKU-106,Eco Bamboo Paper Towels 6pk,Household,152,15,14.32,10.94,5.2,10,3,10.33,0.95,15.6
SKU-104,Extra Virgin Olive Oil 750ml,Pantry,162,239,258.78,17.86,10.5,10,8,19.4,1.1,350.1
SKU-103,Premium Colombian Coffee 500g,Beverages,133,211,204.96,13.73,7.8,0,5,12.74,1.32,246.6
SKU-102,Artisan Sourdough Loaf,Bakery,212,175,173.6,5.9,2.1,10,3,6.47,0.94,200.5
SKU-107,Hydrating Facial Cleanser 200ml,Personal Care,263,32,32.41,16.69,6.5,0,3,16.76,1.34,39.5
SKU-107,Hydrating Facial Cleanser 200ml,Personal Care,118,230,213.86,17.58,6.5,0,3,17.74,1.28,247.8
SKU-110,Dark Chocolate Sea Salt Bark,Snacks,86,44,39.28,8.72,3.4,10,3,8.8,0.94,39.8
SKU-105,Wireless Ergonomic Mouse,Electronics,186,139,145.4,32.32,16.0,0,9,32.14,0.89,130.4
SKU-108,Organic Honeycrisp Apples 1kg,Produce,59,42,38.1,5.97,3.1,20,2,5.58,1.33,65.3
SKU-109,Plant Protein Powder 900g,Health & Nutrition,238,113,105.19,36.05,19.5,10,8,35.21,1.02,119.1
SKU-110,Dark Chocolate Sea Salt Bark,Snacks,116,91,88.19,7.98,3.4,0,2,8.44,1.31,129.7
SKU-109,Plant Protein Powder 900g,Health & Nutrition,161,181,181.89,34.9,19.5,5,8,34.15,1.15,214.5
SKU-103,Premium Colombian Coffee 500g,Beverages,62,144,146.71,15.09,7.8,0,4,16.31,1.24,187.4
SKU-102,Artisan Sourdough Loaf,Bakery,28,157,168.62,6.51,2.1,0,3,7.0,0.96,148.7
SKU-101,Organic Almond Milk 1L,Groceries,15,129,132.01,4.32,2.2,15,4,4.46,1.11,166.6
SKU-105,Wireless Ergonomic Mouse,Electronics,141,142,135.75,32.81,16.0,25,10,32.3,1.1,221.5
SKU-109,Plant Protein Powder 900g,Health & Nutrition,85,134,132.95,37.37,19.5,0,8,36.57,1.12,152.2
SKU-105,Wireless Ergonomic Mouse,Electronics,201,69,61.53,29.17,16.0,0,9,30.12,1.35,94.3
SKU-101,Organic Almond Milk 1L,Groceries,110,199,185.88,4.28,2.2,10,4,4.27,0.85,168.0
SKU-107,Hydrating Facial Cleanser 200ml,Personal Care,252,34,31.58,15.9,6.5,0,3,16.29,1.33,42.9
SKU-104,Extra Virgin Olive Oil 750ml,Pantry,34,156,152.62,20.83,10.5,25,8,22.04,0.91,186.8
SKU-107,Hydrating Facial Cleanser 200ml,Personal Care,172,34,32.82,17.13,6.5,0,5,16.29,1.21,42.5
SKU-105,Wireless Ergonomic Mouse,Electronics,289,29,32.11,32.73,16.0,15,11,31.13,0.97,31.5
SKU-102,Artisan Sourdough Loaf,Bakery,69,214,196.29,5.41,2.1,10,2,5.07,1.3,275.5
SKU-108,Organic Honeycrisp Apples 1kg,Produce,282,162,178.23,6.35,3.1,0,3,5.96,1.22,198.7
SKU-103,Premium Colombian Coffee 500g,Beverages,295,57,54.55,17.17,7.8,0,4,16.6,0.89,50.4
SKU-102,Artisan Sourdough Loaf,Bakery,258,134,132.02,5.65,2.1,0,2,5.83,1.14,155.3
SKU-104,Extra Virgin Olive Oil 750ml,Pantry,259,223,217.76,20.45,10.5,25,6,19.45,0.97,264.1
SKU-110,Dark Chocolate Sea Salt Bark,Snacks,346,204,223.62,8.56,3.4,0,4,8.68,0.99,197.0
SKU-104,Extra Virgin Olive Oil 750ml,Pantry,213,103,107.76,17.72,10.5,15,6,16.73,1.33,154.0
SKU-105,Wireless Ergonomic Mouse,Electronics,185,155,166.12,31.46,16.0,5,9,33.69,1.1,198.1
SKU-106,Eco Bamboo Paper Towels 6pk,Household,286,80,89.04,11.93,5.2,0,5,11.26,1.01,77.5
SKU-107,Hydrating Facial Cleanser 200ml,Personal Care,157,157,144.51,17.08,6.5,25,4,18.48,0.9,185.4
SKU-104,Extra Virgin Olive Oil 750ml,Pantry,203,193,200.81,20.02,10.5,25,7,19.95,1.32,359.3
SKU-104,Extra Virgin Olive Oil 750ml,Pantry,157,59,63.91,16.92,10.5,0,6,16.05,1.0,61.5
SKU-104,Extra Virgin Olive Oil 750ml,Pantry,249,211,196.46,17.14,10.5,5,8,18.15,0.91,193.0
SKU-101,Organic Almond Milk 1L,Groceries,102,112,99.44,4.19,2.2,0,3,4.11,1.3,139.0
SKU-102,Artisan Sourdough Loaf,Bakery,42,91,94.78,6.19,2.1,0,3,5.86,0.96,88.4
SKU-107,Hydrating Facial Cleanser 200ml,Personal Care,313,134,127.65,17.69,6.5,0,5,18.68,0.97,137.2
SKU-101,Organic Almond Milk 1L,Groceries,269,214,203.76,4.33,2.2,20,2,4.22,0.87,237.8
SKU-110,Dark Chocolate Sea Salt Bark,Snacks,235,248,266.05,8.5,3.4,20,3,9.21,1.31,481.9
SKU-102,Artisan Sourdough Loaf,Bakery,210,89,80.79,6.81,2.1,0,2,7.14,1.06,83.6
SKU-102,Artisan Sourdough Loaf,Bakery,276,222,199.09,5.83,2.1,10,3,5.4,1.06,267.7
SKU-101,Organic Almond Milk 1L,Groceries,178,241,257.96,4.41,2.2,5,3,4.22,0.88,215.8
SKU-107,Hydrating Facial Cleanser 200ml,Personal Care,45,181,191.63,18.38,6.5,5,3,19.0,1.17,231.3
SKU-109,Plant Protein Powder 900g,Health & Nutrition,108,162,147.66,39.21,19.5,20,8,40.68,1.34,300.8
SKU-108,Organic Honeycrisp Apples 1kg,Produce,332,132,138.4,6.76,3.1,10,1,6.62,1.24,155.4
SKU-110,Dark Chocolate Sea Salt Bark,Snacks,330,241,244.22,8.4,3.4,0,2,8.78,1.16,286.3
SKU-109,Plant Protein Powder 900g,Health & Nutrition,342,87,77.6,38.77,19.5,0,7,36.11,1.11,89.8
SKU-105,Wireless Ergonomic Mouse,Electronics,83,204,188.03,30.69,16.0,10,11,31.84,1.31,297.4
SKU-101,Organic Almond Milk 1L,Groceries,70,224,231.51,4.31,2.2,0,2,4.72,0.98,263.2
SKU-102,Artisan Sourdough Loaf,Bakery,98,182,199.98,6.72,2.1,0,2,6.96,1.03,188.3
SKU-102,Artisan Sourdough Loaf,Bakery,56,108,107.06,5.7,2.1,10,2,6.02,0.87,100.8
SKU-103,Premium Colombian Coffee 500g,Beverages,340,23,21.48,16.88,7.8,5,5,16.86,1.31,30.4
SKU-102,Artisan Sourdough Loaf,Bakery,214,216,206.11,6.19,2.1,0,2,6.61,0.88,208.2
SKU-108,Organic Honeycrisp Apples 1kg,Produce,140,112,121.58,7.09,3.1,0,3,7.78,0.88,114.0
SKU-106,Eco Bamboo Paper Towels 6pk,Household,81,226,233.38,11.88,5.2,15,3,11.43,0.95,266.8
SKU-107,Hydrating Facial Cleanser 200ml,Personal Care,32,81,74.82,17.77,6.5,10,4,16.74,1.31,108.6
SKU-107,Hydrating Facial Cleanser 200ml,Personal Care,290,168,164.93,16.26,6.5,0,4,16.53,1.01,161.9
SKU-110,Dark Chocolate Sea Salt Bark,Snacks,236,196,213.81,8.44,3.4,25,4,8.35,0.94,263.5
SKU-102,Artisan Sourdough Loaf,Bakery,136,157,147.3,6.18,2.1,0,2,6.58,1.27,194.0
SKU-104,Extra Virgin Olive Oil 750ml,Pantry,303,163,153.4,20.64,10.5,5,8,20.41,1.27,225.2
SKU-109,Plant Protein Powder 900g,Health & Nutrition,118,231,238.1,39.18,19.5,10,6,38.37,1.08,299.2
SKU-110,Dark Chocolate Sea Salt Bark,Snacks,84,117,106.95,8.9,3.4,0,2,9.24,0.86,96.7
SKU-105,Wireless Ergonomic Mouse,Electronics,150,109,117.02,32.7,16.0,15,10,34.5,0.98,136.5
SKU-107,Hydrating Facial Cleanser 200ml,Personal Care,299,157,151.98,16.24,6.5,10,3,17.61,1.12,208.1
SKU-105,Wireless Ergonomic Mouse,Electronics,190,247,265.69,33.72,16.0,10,9,33.94,0.96,265.0
SKU-107,Hydrating Facial Cleanser 200ml,Personal Care,344,105,95.83,16.81,6.5,20,3,17.74,0.91,124.1
SKU-107,Hydrating Facial Cleanser 200ml,Personal Care,266,112,112.08,18.26,6.5,5,3,17.43,0.91,116.1
SKU-107,Hydrating Facial Cleanser 200ml,Personal Care,195,187,194.53,17.29,6.5,0,3,16.97,0.87,178.4
SKU-109,Plant Protein Powder 900g,Health & Nutrition,137,63,69.29,39.57,19.5,0,6,41.56,1.13,67.5
SKU-104,Extra Virgin Olive Oil 750ml,Pantry,150,33,33.79,17.73,10.5,0,6,19.1,1.26,44.1
SKU-104,Extra Virgin Olive Oil 750ml,Pantry,100,246,234.42,18.15,10.5,30,6,17.14,1.32,409.6
SKU-107,Hydrating Facial Cleanser 200ml,Personal Care,300,41,40.18,18.65,6.5,5,4,18.61,1.14,47.9
SKU-101,Organic Almond Milk 1L,Groceries,84,125,117.99,5.11,2.2,0,4,4.79,1.16,138.9
SKU-101,Organic Almond Milk 1L,Groceries,289,88,89.64,4.86,2.2,0,4,4.53,1.29,116.1
SKU-104,Extra Virgin Olive Oil 750ml,Pantry,321,195,194.34,20.16,10.5,0,8,22.0,1.06,236.8
SKU-103,Premium Colombian Coffee 500g,Beverages,278,92,95.46,14.41,7.8,15,4,14.19,0.95,107.6
SKU-107,Hydrating Facial Cleanser 200ml,Personal Care,182,114,112.17,17.18,6.5,30,3,16.4,1.12,163.8
SKU-106,Eco Bamboo Paper Towels 6pk,Household,71,105,106.79,11.72,5.2,0,3,11.43,0.88,78.6
SKU-108,Organic Honeycrisp Apples 1kg,Produce,180,63,67.15,7.14,3.1,0,3,6.91,0.92,58.9
SKU-108,Organic Honeycrisp Apples 1kg,Produce,185,230,250.11,7.11,3.1,5,3,6.95,1.07,270.1
SKU-102,Artisan Sourdough Loaf,Bakery,171,123,134.26,6.74,2.1,10,2,7.09,1.3,185.6
SKU-106,Eco Bamboo Paper Towels 6pk,Household,74,233,218.35,12.77,5.2,10,3,13.08,1.15,277.0
SKU-110,Dark Chocolate Sea Salt Bark,Snacks,121,88,94.07,8.09,3.4,0,4,8.0,1.01,95.2
SKU-105,Wireless Ergonomic Mouse,Electronics,144,232,251.71,33.22,16.0,0,10,35.29,1.33,341.6
SKU-101,Organic Almond Milk 1L,Groceries,32,156,148.13,4.53,2.2,5,2,4.22,1.34,229.5
SKU-106,Eco Bamboo Paper Towels 6pk,Household,146,74,65.64,11.84,5.2,5,5,11.55,1.15,78.8
SKU-102,Artisan Sourdough Loaf,Bakery,269,53,55.45,6.85,2.1,10,3,6.51,0.92,53.5
SKU-108,Organic Honeycrisp Apples 1kg,Produce,66,229,230.76,6.31,3.1,0,3,6.14,1.2,274.9
SKU-105,Wireless Ergonomic Mouse,Electronics,187,171,153.39,29.49,16.0,0,9,31.11,0.99,179.0
SKU-103,Premium Colombian Coffee 500g,Beverages,89,15,15.82,16.05,7.8,5,6,16.68,0.97,16.3
SKU-104,Extra Virgin Olive Oil 750ml,Pantry,209,109,113.8,17.12,10.5,0,8,16.18,0.92,102.8
SKU-109,Plant Protein Powder 900g,Health & Nutrition,330,153,139.67,36.4,19.5,0,6,37.46,1.15,169.2
SKU-109,Plant Protein Powder 900g,Health & Nutrition,143,198,206.21,35.84,19.5,15,7,38.29,1.2,321.2
SKU-110,Dark Chocolate Sea Salt Bark,Snacks,240,194,173.99,8.16,3.4,15,2,7.79,1.1,236.9
SKU-105,Wireless Ergonomic Mouse,Electronics,113,125,130.54,33.87,16.0,5,11,32.58,1.28,184.9
SKU-105,Wireless Ergonomic Mouse,Electronics,318,49,52.88,31.83,16.0,0,11,32.15,1.27,61.3
SKU-101,Organic Almond Milk 1L,Groceries,75,149,142.62,4.33,2.2,10,2,4.62,0.99,164.5
SKU-103,Premium Colombian Coffee 500g,Beverages,104,238,263.34,16.55,7.8,10,4,17.74,1.23,336.4
SKU-109,Plant Protein Powder 900g,Health & Nutrition,148,97,105.56,32.31,19.5,0,7,31.77,0.9,88.8
SKU-107,Hydrating Facial Cleanser 200ml,Personal Care,276,85,75.01,18.25,6.5,10,4,18.91,1.23,113.6
SKU-103,Premium Colombian Coffee 500g,Beverages,47,205,187.22,15.32,7.8,0,5,14.56,0.95,180.8
SKU-106,Eco Bamboo Paper Towels 6pk,Household,64,214,233.51,11.66,5.2,10,3,11.52,1.17,282.5
SKU-107,Hydrating Facial Cleanser 200ml,Personal Care,167,155,138.81,16.42,6.5,0,4,15.83,1.14,169.7
SKU-105,Wireless Ergonomic Mouse,Electronics,296,137,137.3,29.36,16.0,20,10,29.89,1.32,228.3
SKU-104,Extra Virgin Olive Oil 750ml,Pantry,309,162,177.53,16.9,10.5,10,7,18.35,1.16,213.3
SKU-108,Organic Honeycrisp Apples 1kg,Produce,195,156,142.36,6.55,3.1,30,3,6.26,1.3,238.8
SKU-106,Eco Bamboo Paper Towels 6pk,Household,166,142,157.45,11.24,5.2,0,3,11.32,1.25,180.8
SKU-103,Premium Colombian Coffee 500g,Beverages,178,163,143.62,15.76,7.8,5,5,16.0,1.34,234.0
SKU-107,Hydrating Facial Cleanser 200ml,Personal Care,105,133,132.1,17.2,6.5,0,4,17.48,1.11,156.6
SKU-108,Organic Honeycrisp Apples 1kg,Produce,286,239,247.26,7.44,3.1,0,3,7.09,1.27,319.5
SKU-101,Organic Almond Milk 1L,Groceries,19,146,138.72,4.87,2.2,5,4,4.62,1.03,143.2
SKU-108,Organic Honeycrisp Apples 1kg,Produce,225,35,34.75,7.06,3.1,0,1,6.79,1.26,40.5
SKU-110,Dark Chocolate Sea Salt Bark,Snacks,131,167,160.04,7.29,3.4,5,3,8.0,1.35,270.6
SKU-109,Plant Protein Powder 900g,Health & Nutrition,178,84,92.18,35.04,19.5,0,7,35.68,0.92,79.1
SKU-103,Premium Colombian Coffee 500g,Beverages,239,66,71.88,13.69,7.8,15,4,14.11,0.94,72.1
SKU-106,Eco Bamboo Paper Towels 6pk,Household,48,176,180.33,11.85,5.2,20,5,10.91,1.26,267.8
SKU-101,Organic Almond Milk 1L,Groceries,131,228,236.08,4.58,2.2,20,4,4.59,0.85,250.6
SKU-110,Dark Chocolate Sea Salt Bark,Snacks,286,34,35.97,8.54,3.4,0,3,7.88,0.97,31.0
SKU-110,Dark Chocolate Sea Salt Bark,Snacks,214,86,95.63,7.75,3.4,10,3,8.52,0.87,84.0
SKU-101,Organic Almond Milk 1L,Groceries,319,110,105.63,4.43,2.2,15,4,4.54,0.95,113.6
SKU-104,Extra Virgin Olive Oil 750ml,Pantry,234,249,276.14,21.0,10.5,20,7,20.15,1.33,464.7
SKU-102,Artisan Sourdough Loaf,Bakery,267,230,223.42,6.16,2.1,5,3,6.65,1.02,241.1
SKU-104,Extra Virgin Olive Oil 750ml,Pantry,181,166,173.07,17.13,10.5,5,6,18.49,1.29,249.1
SKU-107,Hydrating Facial Cleanser 200ml,Personal Care,91,115,104.65,19.17,6.5,15,3,18.9,1.32,190.9
SKU-109,Plant Protein Powder 900g,Health & Nutrition,312,68,66.86,39.11,19.5,0,7,38.57,0.86,53.7
SKU-104,Extra Virgin Olive Oil 750ml,Pantry,291,20,19.21,16.86,10.5,10,7,18.0,1.1,24.2
SKU-109,Plant Protein Powder 900g,Health & Nutrition,67,46,43.72,38.39,19.5,20,6,39.59,1.18,69.3
SKU-110,Dark Chocolate Sea Salt Bark,Snacks,40,131,134.6,8.57,3.4,15,4,8.75,1.04,133.3
SKU-104,Extra Virgin Olive Oil 750ml,Pantry,222,17,16.32,18.47,10.5,5,8,18.0,0.99,19.2
SKU-102,Artisan Sourdough Loaf,Bakery,286,209,225.85,6.63,2.1,0,1,6.13,1.17,260.6
SKU-107,Hydrating Facial Cleanser 200ml,Personal Care,174,207,215.24,18.41,6.5,0,5,20.23,1.35,303.6
SKU-104,Extra Virgin Olive Oil 750ml,Pantry,40,201,207.23,19.06,10.5,30,7,19.92,1.05,310.4
SKU-107,Hydrating Facial Cleanser 200ml,Personal Care,161,215,196.93,19.31,6.5,5,5,20.99,1.3,286.9
SKU-108,Organic Honeycrisp Apples 1kg,Produce,315,221,196.13,7.42,3.1,10,3,7.39,0.9,216.9
SKU-110,Dark Chocolate Sea Salt Bark,Snacks,32,182,178.41,7.32,3.4,0,3,7.15,1.31,236.7
SKU-102,Artisan Sourdough Loaf,Bakery,57,71,72.75,6.36,2.1,5,2,6.45,1.08,88.6
SKU-101,Organic Almond Milk 1L,Groceries,29,96,98.12,5.0,2.2,0,4,5.24,1.3,136.8
SKU-102,Artisan Sourdough Loaf,Bakery,274,108,116.44,5.5,2.1,0,2,5.36,1.0,99.3
SKU-109,Plant Protein Powder 900g,Health & Nutrition,141,183,203.77,31.93,19.5,0,7,34.51,1.26,226.9
SKU-105,Wireless Ergonomic Mouse,Electronics,75,87,94.18,28.62,16.0,0,11,27.71,1.1,100.7
SKU-106,Eco Bamboo Paper Towels 6pk,Household,267,127,131.23,12.86,5.2,0,3,14.09,1.28,186.2
SKU-107,Hydrating Facial Cleanser 200ml,Personal Care,195,19,16.97,19.19,6.5,0,3,19.8,1.14,20.2
SKU-106,Eco Bamboo Paper Towels 6pk,Household,205,243,227.18,11.1,5.2,0,5,12.16,1.15,260.0
SKU-108,Organic Honeycrisp Apples 1kg,Produce,89,181,186.54,5.86,3.1,20,3,5.54,0.86,205.7
SKU-101,Organic Almond Milk 1L,Groceries,293,29,28.56,5.07,2.2,15,3,4.94,0.98,33.2
SKU-102,Artisan Sourdough Loaf,Bakery,77,60,55.68,6.09,2.1,25,1,5.61,1.15,89.1
SKU-102,Artisan Sourdough Loaf,Bakery,160,164,171.35,5.48,2.1,5,3,5.62,1.33,266.1
SKU-110,Dark Chocolate Sea Salt Bark,Snacks,67,140,153.87,7.22,3.4,10,3,6.74,1.14,195.3
SKU-104,Extra Virgin Olive Oil 750ml,Pantry,25,203,192.37,19.54,10.5,5,6,18.8,1.0,184.2
SKU-102,Artisan Sourdough Loaf,Bakery,118,201,187.12,6.5,2.1,25,2,6.0,1.02,250.8
SKU-107,Hydrating Facial Cleanser 200ml,Personal Care,18,56,62.35,17.9,6.5,0,3,16.53,0.94,51.9
SKU-103,Premium Colombian Coffee 500g,Beverages,241,120,126.22,13.68,7.8,5,4,13.4,1.31,163.7
SKU-105,Wireless Ergonomic Mouse,Electronics,27,115,123.59,32.02,16.0,0,10,30.49,0.87,101.8
SKU-109,Plant Protein Powder 900g,Health & Nutrition,70,161,154.23,35.49,19.5,0,8,38.18,1.24,199.6
SKU-102,Artisan Sourdough Loaf,Bakery,247,44,40.52,6.87,2.1,15,2,6.38,1.29,63.2
SKU-109,Plant Protein Powder 900g,Health & Nutrition,271,83,79.14,32.9,19.5,5,8,30.34,1.28,118.1
SKU-108,Organic Honeycrisp Apples 1kg,Produce,254,243,257.17,6.82,3.1,25,2,6.47,1.23,416.4
SKU-102,Artisan Sourdough Loaf,Bakery,145,124,114.19,5.45,2.1,5,1,5.76,0.86,113.7
SKU-108,Organic Honeycrisp Apples 1kg,Produce,162,180,193.39,6.83,3.1,0,1,7.12,1.33,229.0
SKU-110,Dark Chocolate Sea Salt Bark,Snacks,228,205,181.8,8.57,3.4,10,4,8.11,0.9,217.2
SKU-110,Dark Chocolate Sea Salt Bark,Snacks,8,77,68.85,8.72,3.4,20,4,9.31,1.19,106.7
SKU-105,Wireless Ergonomic Mouse,Electronics,67,202,215.45,30.47,16.0,20,10,33.11,1.32,319.3
SKU-110,Dark Chocolate Sea Salt Bark,Snacks,129,222,213.37,8.34,3.4,10,4,8.45,0.9,221.8
SKU-104,Extra Virgin Olive Oil 750ml,Pantry,35,49,54.09,18.91,10.5,10,7,19.58,1.2,62.0
SKU-103,Premium Colombian Coffee 500g,Beverages,22,243,245.19,15.36,7.8,0,5,15.88,1.03,268.9
SKU-110,Dark Chocolate Sea Salt Bark,Snacks,272,63,58.59,7.74,3.4,15,3,7.97,1.24,90.3
SKU-110,Dark Chocolate Sea Salt Bark,Snacks,120,189,184.24,7.38,3.4,0,3,8.06,0.93,187.8
SKU-108,Organic Honeycrisp Apples 1kg,Produce,264,92,90.11,6.54,3.1,5,3,6.61,0.91,101.7
SKU-104,Extra Virgin Olive Oil 750ml,Pantry,282,44,48.73,20.44,10.5,10,8,22.02,1.09,61.0
SKU-102,Artisan Sourdough Loaf,Bakery,231,193,185.82,5.59,2.1,0,2,5.5,1.08,211.9
SKU-108,Organic Honeycrisp Apples 1kg,Produce,177,242,265.41,6.67,3.1,25,3,6.62,1.18,417.9
SKU-109,Plant Protein Powder 900g,Health & Nutrition,316,81,77.25,33.41,19.5,15,8,32.74,1.08,106.7
SKU-107,Hydrating Facial Cleanser 200ml,Personal Care,93,24,24.38,19.06,6.5,0,4,18.39,0.96,23.4
SKU-110,Dark Chocolate Sea Salt Bark,Snacks,311,29,31.61,8.3,3.4,0,2,8.15,1.01,28.9
SKU-102,Artisan Sourdough Loaf,Bakery,302,143,152.39,6.4,2.1,0,1,6.5,1.06,160.9
SKU-106,Eco Bamboo Paper Towels 6pk,Household,205,64,67.77,12.2,5.2,25,3,11.6,1.24,102.7
SKU-103,Premium Colombian Coffee 500g,Beverages,152,144,140.14,16.66,7.8,0,6,16.89,0.89,134.2
SKU-103,Premium Colombian Coffee 500g,Beverages,187,164,156.4,15.11,7.8,20,6,16.57,0.9,188.4
SKU-105,Wireless Ergonomic Mouse,Electronics,202,243,263.83,32.49,16.0,25,9,31.92,0.97,329.2
SKU-106,Eco Bamboo Paper Towels 6pk,Household,151,99,87.58,13.21,5.2,0,3,13.44,0.96,95.3
SKU-105,Wireless Ergonomic Mouse,Electronics,305,157,144.2,32.83,16.0,0,10,31.45,0.91,144.4
SKU-102,Artisan Sourdough Loaf,Bakery,289,99,94.85,5.79,2.1,5,3,6.17,1.31,141.2
SKU-107,Hydrating Facial Cleanser 200ml,Personal Care,179,31,32.5,17.49,6.5,5,5,17.04,1.03,32.9
SKU-102,Artisan Sourdough Loaf,Bakery,180,186,168.33,6.64,2.1,10,1,6.15,0.96,169.8
SKU-109,Plant Protein Powder 900g,Health & Nutrition,65,190,200.04,37.26,19.5,15,7,38.14,0.97,218.4
SKU-102,Artisan Sourdough Loaf,Bakery,114,95,100.66,6.75,2.1,30,1,6.65,1.1,151.8
SKU-110,Dark Chocolate Sea Salt Bark,Snacks,328,19,17.96,8.09,3.4,0,2,7.57,1.18,20.7
SKU-108,Organic Honeycrisp Apples 1kg,Produce,244,189,171.31,6.93,3.1,15,3,7.28,1.22,277.2
SKU-103,Premium Colombian Coffee 500g,Beverages,5,224,198.14,15.04,7.8,0,5,14.37,1.26,255.5
SKU-104,Extra Virgin Olive Oil 750ml,Pantry,54,177,184.06,18.34,10.5,0,6,19.61,0.9,174.2
SKU-110,Dark Chocolate Sea Salt Bark,Snacks,55,128,118.74,7.47,3.4,0,3,8.03,1.34,180.5
SKU-110,Dark Chocolate Sea Salt Bark,Snacks,219,214,190.78,8.79,3.4,0,4,8.34,1.1,248.4
SKU-105,Wireless Ergonomic Mouse,Electronics,301,218,220.31,27.28,16.0,5,11,29.11,1.09,267.0
SKU-106,Eco Bamboo Paper Towels 6pk,Household,156,134,142.99,11.1,5.2,0,5,11.87,0.98,145.6
SKU-104,Extra Virgin Olive Oil 750ml,Pantry,44,43,41.16,20.59,10.5,0,7,21.72,1.06,46.8
SKU-108,Organic Honeycrisp Apples 1kg,Produce,23,94,96.8,6.24,3.1,0,3,6.54,1.18,107.8
SKU-103,Premium Colombian Coffee 500g,Beverages,343,108,106.29,16.26,7.8,15,5,17.21,0.89,122.8
SKU-102,Artisan Sourdough Loaf,Bakery,204,167,170.35,5.67,2.1,10,3,5.27,1.3,234.4
SKU-104,Extra Virgin Olive Oil 750ml,Pantry,244,225,243.92,21.19,10.5,30,8,22.44,1.2,367.9
SKU-104,Extra Virgin Olive Oil 750ml,Pantry,7,211,210.48,20.42,10.5,0,7,20.25,1.28,243.6
SKU-105,Wireless Ergonomic Mouse,Electronics,37,217,232.26,29.36,16.0,0,11,27.26,1.09,241.3
SKU-104,Extra Virgin Olive Oil 750ml,Pantry,296,84,76.28,20.49,10.5,10,8,18.88,1.31,111.5
SKU-103,Premium Colombian Coffee 500g,Beverages,308,114,116.3,15.81,7.8,10,5,17.3,0.93,113.6
SKU-108,Organic Honeycrisp Apples 1kg,Produce,169,66,73.67,7.22,3.1,0,1,7.87,1.07,79.3
SKU-104,Extra Virgin Olive Oil 750ml,Pantry,276,167,155.73,20.16,10.5,0,8,20.32,1.01,167.4
SKU-108,Organic Honeycrisp Apples 1kg,Produce,129,52,55.33,5.94,3.1,20,3,6.47,0.96,64.5
SKU-103,Premium Colombian Coffee 500g,Beverages,165,181,168.73,16.16,7.8,25,5,15.65,0.89,213.5
SKU-109,Plant Protein Powder 900g,Health & Nutrition,325,82,82.2,32.96,19.5,10,7,31.01,1.0,92.1
SKU-106,Eco Bamboo Paper Towels 6pk,Household,11,208,200.2,11.57,5.2,0,3,12.24,1.23,253.2
SKU-110,Dark Chocolate Sea Salt Bark,Snacks,255,100,106.59,8.69,3.4,25,3,8.48,1.08,135.8
SKU-102,Artisan Sourdough Loaf,Bakery,254,107,115.88,5.46,2.1,15,1,5.23,0.94,117.7
SKU-108,Organic Honeycrisp Apples 1kg,Produce,341,195,190.32,6.66,3.1,10,2,7.22,1.07,264.3
SKU-103,Premium Colombian Coffee 500g,Beverages,167,247,245.37,17.12,7.8,5,5,17.17,1.14,281.7
SKU-105,Wireless Ergonomic Mouse,Electronics,106,108,109.35,29.19,16.0,30,11,28.39,1.22,199.0
SKU-101,Organic Almond Milk 1L,Groceries,324,26,26.37,4.88,2.2,0,3,4.81,0.95,23.5
SKU-107,Hydrating Facial Cleanser 200ml,Personal Care,272,239,232.81,17.53,6.5,0,5,18.01,1.35,302.4
SKU-104,Extra Virgin Olive Oil 750ml,Pantry,122,131,126.5,21.21,10.5,15,7,21.23,0.86,136.8
SKU-101,Organic Almond Milk 1L,Groceries,319,20,19.3,5.07,2.2,30,2,5.53,0.98,29.0
SKU-104,Extra Virgin Olive Oil 750ml,Pantry,316,219,208.0,20.38,10.5,0,8,21.56,1.27,271.3
SKU-102,Artisan Sourdough Loaf,Bakery,225,153,157.5,5.77,2.1,0,3,6.17,1.02,163.2
SKU-105,Wireless Ergonomic Mouse,Electronics,15,15,14.33,28.1,16.0,0,9,25.91,1.02,15.8
SKU-102,Artisan Sourdough Loaf,Bakery,112,154,172.43,6.81,2.1,0,2,7.24,1.24,230.1
SKU-103,Premium Colombian Coffee 500g,Beverages,108,137,142.3,16.3,7.8,0,4,15.94,0.88,135.5
SKU-102,Artisan Sourdough Loaf,Bakery,272,110,107.09,6.12,2.1,5,3,6.54,1.0,126.6
SKU-104,Extra Virgin Olive Oil 750ml,Pantry,139,171,152.89,19.1,10.5,0,7,17.67,1.3,189.0
SKU-105,Wireless Ergonomic Mouse,Electronics,152,168,172.41,30.86,16.0,25,11,31.29,1.02,240.5
SKU-108,Organic Honeycrisp Apples 1kg,Produce,268,125,115.47,6.81,3.1,10,2,6.84,1.02,141.5
SKU-107,Hydrating Facial Cleanser 200ml,Personal Care,112,49,49.38,17.7,6.5,25,3,18.28,0.87,57.4
SKU-109,Plant Protein Powder 900g,Health & Nutrition,128,179,194.6,33.07,19.5,30,6,30.78,1.15,277.0
SKU-102,Artisan Sourdough Loaf,Bakery,244,239,210.39,6.65,2.1,5,1,6.67,1.07,263.4
SKU-108,Organic Honeycrisp Apples 1kg,Produce,287,64,59.07,6.23,3.1,10,1,6.77,0.98,71.0
SKU-101,Organic Almond Milk 1L,Groceries,39,186,205.08,4.88,2.2,5,3,4.62,1.32,259.0
SKU-101,Organic Almond Milk 1L,Groceries,130,202,215.46,4.14,2.2,0,2,4.54,0.93,200.6
SKU-106,Eco Bamboo Paper Towels 6pk,Household,80,64,63.84,10.6,5.2,15,3,11.37,1.02,83.4
SKU-101,Organic Almond Milk 1L,Groceries,135,96,100.38,4.04,2.2,25,4,4.12,1.31,168.3
SKU-101,Organic Almond Milk 1L,Groceries,30,228,232.51,4.23,2.2,25,3,4.41,1.34,395.8
SKU-104,Extra Virgin Olive Oil 750ml,Pantry,321,241,236.48,20.19,10.5,0,8,21.81,1.24,287.0
SKU-107,Hydrating Facial Cleanser 200ml,Personal Care,333,42,38.24,16.09,6.5,0,4,16.61,0.97,41.7
SKU-103,Premium Colombian Coffee 500g,Beverages,140,59,57.87,15.7,7.8,10,4,15.27,1.31,93.4
SKU-110,Dark Chocolate Sea Salt Bark,Snacks,156,104,101.86,7.89,3.4,0,4,7.91,1.15,114.7
SKU-106,Eco Bamboo Paper Towels 6pk,Household,227,121,132.61,10.59,5.2,15,4,11.33,1.09,167.7
SKU-107,Hydrating Facial Cleanser 200ml,Personal Care,280,133,127.65,15.43,6.5,5,4,16.02,1.13,167.1
SKU-110,Dark Chocolate Sea Salt Bark,Snacks,107,130,130.65,9.11,3.4,0,4,9.63,1.25,167.5
SKU-106,Eco Bamboo Paper Towels 6pk,Household,330,103,96.15,12.75,5.2,5,3,13.67,1.34,138.4
SKU-106,Eco Bamboo Paper Towels 6pk,Household,251,238,224.96,12.84,5.2,0,4,11.98,1.17,290.2
SKU-110,Dark Chocolate Sea Salt Bark,Snacks,122,53,48.71,8.97,3.4,0,3,9.55,0.98,50.1
SKU-107,Hydrating Facial Cleanser 200ml,Personal Care,165,152,141.43,16.5,6.5,25,4,16.45,1.3,238.1
SKU-105,Wireless Ergonomic Mouse,Electronics,108,183,173.11,32.91,16.0,20,11,35.73,1.31,296.8
SKU-107,Hydrating Facial Cleanser 200ml,Personal Care,121,235,247.37,15.56,6.5,0,3,14.56,1.27,300.5
SKU-110,Dark Chocolate Sea Salt Bark,Snacks,181,39,37.6,7.51,3.4,0,2,8.02,1.1,45.8
SKU-107,Hydrating Facial Cleanser 200ml,Personal Care,215,249,234.1,19.26,6.5,0,5,19.15,1.15,262.6
SKU-104,Extra Virgin Olive Oil 750ml,Pantry,185,146,141.98,18.78,10.5,0,8,18.35,0.88,134.3
SKU-101,Organic Almond Milk 1L,Groceries,320,132,138.74,4.72,2.2,30,4,4.5,1.31,223.5
SKU-101,Organic Almond Milk 1L,Groceries,60,205,221.59,4.06,2.2,30,3,4.3,1.13,340.7
SKU-104,Extra Virgin Olive Oil 750ml,Pantry,125,117,115.37,17.92,10.5,0,8,19.53,1.04,118.3
SKU-110,Dark Chocolate Sea Salt Bark,Snacks,340,44,38.83,8.63,3.4,15,2,8.59,1.27,60.0
SKU-107,Hydrating Facial Cleanser 200ml,Personal Care,336,180,161.78,17.65,6.5,0,4,18.2,1.21,231.1
SKU-103,Premium Colombian Coffee 500g,Beverages,74,82,73.42,17.1,7.8,10,5,16.26,1.11,90.9
SKU-103,Premium Colombian Coffee 500g,Beverages,73,68,66.52,14.07,7.8,5,5,13.72,0.85,66.6
SKU-102,Artisan Sourdough Loaf,Bakery,296,95,84.68,6.69,2.1,0,1,7.28,1.02,96.2
SKU-110,Dark Chocolate Sea Salt Bark,Snacks,66,221,214.14,8.0,3.4,5,4,8.69,1.07,253.3
SKU-110,Dark Chocolate Sea Salt Bark,Snacks,215,69,71.62,7.42,3.4,0,4,7.66,1.28,87.0
SKU-108,Organic Honeycrisp Apples 1kg,Produce,263,211,218.99,5.95,3.1,0,3,5.77,1.09,244.2
SKU-104,Extra Virgin Olive Oil 750ml,Pantry,204,189,206.23,21.02,10.5,0,8,22.14,1.2,230.4
SKU-104,Extra Virgin Olive Oil 750ml,Pantry,147,189,168.8,19.57,10.5,0,8,20.71,1.3,242.1
SKU-108,Organic Honeycrisp Apples 1kg,Produce,278,99,91.47,7.29,3.1,0,2,7.54,1.31,115.6
SKU-102,Artisan Sourdough Loaf,Bakery,288,142,151.11,6.22,2.1,0,2,6.74,1.14,188.2
SKU-108,Organic Honeycrisp Apples 1kg,Produce,207,36,36.17,5.92,3.1,0,2,5.92,1.27,48.3
SKU-106,Eco Bamboo Paper Towels 6pk,Household,47,38,38.35,12.69,5.2,0,4,13.39,1.07,42.0
SKU-108,Organic Honeycrisp Apples 1kg,Produce,148,183,177.01,7.13,3.1,0,2,6.88,1.13,209.3
SKU-103,Premium Colombian Coffee 500g,Beverages,140,88,95.52,15.62,7.8,20,6,15.74,1.28,147.4
SKU-103,Premium Colombian Coffee 500g,Beverages,173,91,95.4,15.91,7.8,0,6,17.41,1.25,124.9
SKU-106,Eco Bamboo Paper Towels 6pk,Household,267,36,37.08,11.03,5.2,20,4,10.93,1.17,48.0
SKU-106,Eco Bamboo Paper Towels 6pk,Household,33,168,156.1,11.69,5.2,30,5,11.17,1.17,228.5
SKU-105,Wireless Ergonomic Mouse,Electronics,319,159,159.09,27.12,16.0,25,9,28.99,1.06,204.1
SKU-108,Organic Honeycrisp Apples 1kg,Produce,209,226,207.47,7.32,3.1,20,3,7.23,0.99,267.6
SKU-109,Plant Protein Powder 900g,Health & Nutrition,321,193,172.65,39.52,19.5,0,7,37.49,0.9,157.7
SKU-106,Eco Bamboo Paper Towels 6pk,Household,59,45,50.27,11.3,5.2,10,3,11.98,0.94,51.6
SKU-106,Eco Bamboo Paper Towels 6pk,Household,104,124,127.14,10.61,5.2,20,4,10.8,0.99,150.1
SKU-108,Organic Honeycrisp Apples 1kg,Produce,339,175,185.17,7.16,3.1,0,1,6.63,0.94,158.6
SKU-105,Wireless Ergonomic Mouse,Electronics,76,59,61.28,28.81,16.0,25,9,26.56,1.25,101.4
SKU-103,Premium Colombian Coffee 500g,Beverages,286,111,121.4,13.53,7.8,30,6,13.97,0.99,160.3
SKU-103,Premium Colombian Coffee 500g,Beverages,277,110,100.18,14.33,7.8,15,6,14.93,1.11,146.2
SKU-106,Eco Bamboo Paper Towels 6pk,Household,227,171,184.69,11.15,5.2,0,3,11.13,1.32,234.2
SKU-105,Wireless Ergonomic Mouse,Electronics,188,149,155.92,32.07,16.0,20,9,34.95,1.0,191.6
SKU-108,Organic Honeycrisp Apples 1kg,Produce,161,178,181.75,6.17,3.1,30,3,6.15,1.15,286.3
SKU-109,Plant Protein Powder 900g,Health & Nutrition,103,188,206.23,33.55,19.5,0,8,35.07,1.22,216.1
SKU-103,Premium Colombian Coffee 500g,Beverages,205,100,97.26,16.12,7.8,0,4,15.07,1.34,118.8
SKU-107,Hydrating Facial Cleanser 200ml,Personal Care,20,206,197.96,19.39,6.5,0,3,20.52,1.0,190.5
SKU-105,Wireless Ergonomic Mouse,Electronics,69,176,196.03,33.36,16.0,5,9,34.71,1.19,241.7
SKU-105,Wireless Ergonomic Mouse,Electronics,251,125,113.92,32.35,16.0,10,11,35.54,1.32,172.0
SKU-102,Artisan Sourdough Loaf,Bakery,150,179,195.62,5.74,2.1,15,3,5.69,1.01,232.9
SKU-107,Hydrating Facial Cleanser 200ml,Personal Care,68,74,79.03,18.44,6.5,0,3,20.09,1.24,95.2
SKU-110,Dark Chocolate Sea Salt Bark,Snacks,82,90,83.38,8.43,3.4,0,4,8.2,1.24,95.2
SKU-107,Hydrating Facial Cleanser 200ml,Personal Care,70,122,110.51,16.45,6.5,5,5,17.35,0.93,119.2
SKU-110,Dark Chocolate Sea Salt Bark,Snacks,151,113,113.88,9.17,3.4,5,3,9.38,1.35,154.2
SKU-107,Hydrating Facial Cleanser 200ml,Personal Care,152,122,132.32,18.79,6.5,20,4,20.47,1.25,219.7
SKU-109,Plant Protein Powder 900g,Health & Nutrition,331,206,218.12,31.67,19.5,10,8,31.63,1.08,218.4
SKU-104,Extra Virgin Olive Oil 750ml,Pantry,155,223,234.39,19.21,10.5,15,8,17.81,0.89,258.5
SKU-105,Wireless Ergonomic Mouse,Electronics,270,63,69.77,34.09,16.0,20,9,37.1,1.15,100.7
SKU-104,Extra Virgin Olive Oil 750ml,Pantry,342,91,89.7,17.92,10.5,5,6,18.68,0.97,95.5
SKU-102,Artisan Sourdough Loaf,Bakery,215,57,56.05,6.53,2.1,10,3,6.14,1.21,74.3
SKU-110,Dark Chocolate Sea Salt Bark,Snacks,10,249,235.73,8.75,3.4,10,3,9.59,1.1,308.2
SKU-103,Premium Colombian Coffee 500g,Beverages,234,195,203.73,15.62,7.8,0,4,16.82,0.93,187.3
SKU-104,Extra Virgin Olive Oil 750ml,Pantry,68,98,108.36,17.76,10.5,0,6,16.56,1.15,108.7
SKU-108,Organic Honeycrisp Apples 1kg,Produce,348,216,232.41,7.44,3.1,25,1,7.32,1.29,353.8
SKU-107,Hydrating Facial Cleanser 200ml,Personal Care,129,88,79.94,17.22,6.5,10,4,16.5,1.11,107.4
SKU-110,Dark Chocolate Sea Salt Bark,Snacks,345,245,270.87,9.1,3.4,20,2,8.79,0.97,331.4
SKU-101,Organic Almond Milk 1L,Groceries,298,88,79.9,4.55,2.2,30,2,4.61,1.19,146.7
SKU-108,Organic Honeycrisp Apples 1kg,Produce,144,229,243.84,5.85,3.1,15,1,6.16,1.13,305.0
SKU-103,Premium Colombian Coffee 500g,Beverages,288,194,183.33,15.99,7.8,0,5,16.36,0.93,173.3
SKU-102,Artisan Sourdough Loaf,Bakery,44,121,112.2,5.63,2.1,5,2,5.95,1.24,142.9
SKU-105,Wireless Ergonomic Mouse,Electronics,258,225,202.12,33.96,16.0,0,10,36.88,1.21,287.8
SKU-107,Hydrating Facial Cleanser 200ml,Personal Care,32,61,57.32,16.23,6.5,5,5,17.58,0.88,50.2
SKU-110,Dark Chocolate Sea Salt Bark,Snacks,10,74,66.81,7.97,3.4,10,3,8.16,1.0,76.9
SKU-109,Plant Protein Powder 900g,Health & Nutrition,204,84,76.69,35.58,19.5,0,6,35.7,0.89,76.7
SKU-110,Dark Chocolate Sea Salt Bark,Snacks,149,145,133.5,7.19,3.4,20,3,7.48,1.24,213.2
SKU-105,Wireless Ergonomic Mouse,Electronics,53,51,47.99,33.68,16.0,30,10,36.74,1.3,92.5
SKU-107,Hydrating Facial Cleanser 200ml,Personal Care,299,178,188.73,19.47,6.5,0,3,20.13,0.89,181.2
SKU-105,Wireless Ergonomic Mouse,Electronics,128,141,124.31,27.07,16.0,5,11,27.03,1.31,177.7
SKU-106,Eco Bamboo Paper Towels 6pk,Household,40,197,188.2,12.36,5.2,25,4,12.39,1.01,247.3
SKU-106,Eco Bamboo Paper Towels 6pk,Household,256,114,118.75,11.59,5.2,0,5,12.21,1.24,143.7
SKU-106,Eco Bamboo Paper Towels 6pk,Household,273,213,233.72,11.64,5.2,0,5,12.37,0.9,218.7
SKU-109,Plant Protein Powder 900g,Health & Nutrition,61,229,231.26,35.89,19.5,0,6,34.99,1.07,241.0
SKU-107,Hydrating Facial Cleanser 200ml,Personal Care,317,234,240.22,19.08,6.5,5,4,19.61,1.1,286.3
SKU-108,Organic Honeycrisp Apples 1kg,Produce,260,84,83.04,6.71,3.1,30,1,6.29,0.97,103.6
SKU-104,Extra Virgin Olive Oil 750ml,Pantry,70,163,154.66,17.13,10.5,0,6,18.3,0.87,137.2
SKU-103,Premium Colombian Coffee 500g,Beverages,72,130,121.82,13.85,7.8,20,4,14.09,1.27,205.0
SKU-109,Plant Protein Powder 900g,Health & Nutrition,42,151,145.21,32.4,19.5,0,7,31.82,0.94,161.9
SKU-107,Hydrating Facial Cleanser 200ml,Personal Care,346,162,160.07,16.01,6.5,0,5,15.6,1.18,196.6
SKU-108,Organic Honeycrisp Apples 1kg,Produce,229,99,102.99,6.77,3.1,20,1,6.99,1.21,156.0
SKU-104,Extra Virgin Olive Oil 750ml,Pantry,273,129,132.09,20.97,10.5,0,7,19.87,1.35,165.7
SKU-102,Artisan Sourdough Loaf,Bakery,87,40,43.68,6.45,2.1,0,2,6.96,1.23,49.2
SKU-106,Eco Bamboo Paper Towels 6pk,Household,284,143,158.64,13.2,5.2,10,3,12.56,0.97,167.7
SKU-104,Extra Virgin Olive Oil 750ml,Pantry,241,143,141.83,20.0,10.5,20,8,19.49,1.06,189.1
SKU-105,Wireless Ergonomic Mouse,Electronics,154,115,121.17,33.21,16.0,20,10,30.96,1.01,143.5
SKU-105,Wireless Ergonomic Mouse,Electronics,218,209,193.3,29.7,16.0,10,10,31.96,1.32,303.2
SKU-104,Extra Virgin Olive Oil 750ml,Pantry,223,79,88.34,18.11,10.5,20,8,17.96,1.28,132.9
SKU-101,Organic Almond Milk 1L,Groceries,106,87,83.63,4.26,2.2,30,3,4.11,1.02,108.6
SKU-106,Eco Bamboo Paper Towels 6pk,Household,337,34,36.61,12.56,5.2,0,5,11.76,1.24,41.9
SKU-105,Wireless Ergonomic Mouse,Electronics,104,59,57.65,31.03,16.0,20,9,28.89,1.31,98.4
SKU-110,Dark Chocolate Sea Salt Bark,Snacks,334,181,192.44,8.65,3.4,20,2,9.37,1.04,243.9
SKU-103,Premium Colombian Coffee 500g,Beverages,295,28,27.34,16.56,7.8,0,5,17.24,1.23,32.9
SKU-106,Eco Bamboo Paper Towels 6pk,Household,149,218,231.37,11.04,5.2,5,5,10.52,1.33,294.2
SKU-106,Eco Bamboo Paper Towels 6pk,Household,339,43,45.52,11.84,5.2,0,3,11.51,1.15,48.9
SKU-109,Plant Protein Powder 900g,Health & Nutrition,88,62,64.25,37.9,19.5,0,6,36.76,1.03,65.6
SKU-109,Plant Protein Powder 900g,Health & Nutrition,259,182,189.1,31.55,19.5,0,7,30.29,1.24,221.8
SKU-105,Wireless Ergonomic Mouse,Electronics,220,200,203.56,27.66,16.0,20,9,30.25,1.0,252.6
SKU-107,Hydrating Facial Cleanser 200ml,Personal Care,88,31,33.44,17.21,6.5,20,5,18.38,1.22,55.1
SKU-103,Premium Colombian Coffee 500g,Beverages,120,99,108.64,15.62,7.8,0,4,14.72,1.12,117.4
SKU-102,Artisan Sourdough Loaf,Bakery,139,140,152.53,5.57,2.1,30,1,5.14,1.19,250.5
SKU-107,Hydrating Facial Cleanser 200ml,Personal Care,277,219,226.41,19.24,6.5,20,3,17.73,1.16,298.7
SKU-105,Wireless Ergonomic Mouse,Electronics,182,37,35.07,31.73,16.0,0,11,32.89,1.27,49.4
SKU-104,Extra Virgin Olive Oil 750ml,Pantry,92,77,69.49,19.12,10.5,5,6,18.79,1.18,91.1
SKU-107,Hydrating Facial Cleanser 200ml,Personal Care,47,72,65.02,18.98,6.5,0,3,17.51,1.03,70.6
SKU-107,Hydrating Facial Cleanser 200ml,Personal Care,270,165,172.19,16.19,6.5,15,5,16.29,1.17,227.0
SKU-110,Dark Chocolate Sea Salt Bark,Snacks,131,73,64.32,7.98,3.4,5,2,8.41,0.98,74.3
SKU-105,Wireless Ergonomic Mouse,Electronics,94,233,223.88,28.92,16.0,15,10,30.29,1.3,349.5
SKU-110,Dark Chocolate Sea Salt Bark,Snacks,341,30,29.86,7.43,3.4,10,3,7.64,1.05,38.3
SKU-105,Wireless Ergonomic Mouse,Electronics,122,89,95.25,29.69,16.0,0,9,32.35,1.09,106.9
SKU-101,Organic Almond Milk 1L,Groceries,220,236,229.97,4.84,2.2,0,4,5.26,1.32,345.3
SKU-102,Artisan Sourdough Loaf,Bakery,259,108,100.66,5.85,2.1,30,3,6.08,1.0,153.8
SKU-104,Extra Virgin Olive Oil 750ml,Pantry,27,137,134.61,21.19,10.5,5,7,22.59,0.86,140.1
SKU-107,Hydrating Facial Cleanser 200ml,Personal Care,215,193,212.37,16.22,6.5,25,5,15.6,1.21,307.6
SKU-102,Artisan Sourdough Loaf,Bakery,81,27,26.13,5.46,2.1,0,1,5.16,1.22,31.7
SKU-103,Premium Colombian Coffee 500g,Beverages,90,34,35.87,13.52,7.8,15,6,12.76,0.91,38.3
SKU-106,Eco Bamboo Paper Towels 6pk,Household,200,16,16.57,11.55,5.2,0,3,10.82,0.94,16.6
SKU-101,Organic Almond Milk 1L,Groceries,304,153,141.49,4.6,2.2,0,3,4.9,1.33,196.5
SKU-103,Premium Colombian Coffee 500g,Beverages,66,116,124.16,15.97,7.8,5,4,16.14,1.3,173.4
SKU-105,Wireless Ergonomic Mouse,Electronics,91,229,209.33,28.58,16.0,10,11,28.87,1.29,318.8
SKU-105,Wireless Ergonomic Mouse,Electronics,310,46,47.76,34.32,16.0,0,11,34.43,1.08,52.1
SKU-103,Premium Colombian Coffee 500g,Beverages,53,135,120.69,15.6,7.8,15,4,14.72,0.95,125.9
SKU-110,Dark Chocolate Sea Salt Bark,Snacks,198,142,133.46,7.85,3.4,30,2,7.56,0.94,196.5
SKU-109,Plant Protein Powder 900g,Health & Nutrition,194,113,122.86,33.73,19.5,10,8,36.15,1.23,174.9
SKU-110,Dark Chocolate Sea Salt Bark,Snacks,235,15,14.11,7.75,3.4,0,2,7.52,1.33,19.5
SKU-101,Organic Almond Milk 1L,Groceries,60,221,229.54,4.38,2.2,5,2,4.59,0.92,222.3
SKU-104,Extra Virgin Olive Oil 750ml,Pantry,55,37,37.51,16.96,10.5,0,7,18.32,1.06,39.0
SKU-106,Eco Bamboo Paper Towels 6pk,Household,39,190,204.74,12.8,5.2,0,5,13.06,0.91,184.1
SKU-102,Artisan Sourdough Loaf,Bakery,156,242,268.47,6.01,2.1,20,2,6.12,1.11,386.1
SKU-109,Plant Protein Powder 900g,Health & Nutrition,226,199,182.76,34.63,19.5,0,6,33.83,1.34,262.9
SKU-102,Artisan Sourdough Loaf,Bakery,348,78,69.85,5.66,2.1,5,1,5.56,1.26,100.4
SKU-101,Organic Almond Milk 1L,Groceries,250,79,76.92,4.56,2.2,0,2,4.89,0.94,81.9
SKU-101,Organic Almond Milk 1L,Groceries,193,135,147.55,5.15,2.2,0,2,5.1,1.27,160.0
SKU-103,Premium Colombian Coffee 500g,Beverages,262,242,267.27,15.03,7.8,15,5,15.6,1.12,336.4
SKU-110,Dark Chocolate Sea Salt Bark,Snacks,259,54,53.38,8.21,3.4,5,4,8.76,0.85,51.8
SKU-102,Artisan Sourdough Loaf,Bakery,248,49,47.14,6.75,2.1,25,1,6.91,1.02,66.1
SKU-109,Plant Protein Powder 900g,Health & Nutrition,294,130,131.92,35.13,19.5,0,7,34.99,0.94,119.2
SKU-110,Dark Chocolate Sea Salt Bark,Snacks,117,40,37.13,8.99,3.4,5,4,9.5,1.06,46.2
SKU-108,Organic Honeycrisp Apples 1kg,Produce,137,91,81.49,6.9,3.1,30,2,7.38,1.05,136.1
SKU-108,Organic Honeycrisp Apples 1kg,Produce,245,57,50.93,7.38,3.1,0,2,8.09,1.01,62.0
SKU-108,Organic Honeycrisp Apples 1kg,Produce,50,105,109.84,6.06,3.1,5,2,6.58,0.98,128.6
SKU-105,Wireless Ergonomic Mouse,Electronics,314,222,208.8,30.39,16.0,10,9,32.76,1.01,258.1
SKU-102,Artisan Sourdough Loaf,Bakery,325,87,78.22,6.06,2.1,15,3,5.61,1.15,102.6
SKU-103,Premium Colombian Coffee 500g,Beverages,344,227,208.74,16.16,7.8,15,5,16.14,1.07,260.4
SKU-104,Extra Virgin Olive Oil 750ml,Pantry,257,107,119.81,18.04,10.5,20,6,16.77,1.32,184.2
SKU-106,Eco Bamboo Paper Towels 6pk,Household,119,25,24.21,11.77,5.2,0,4,11.2,1.05,28.1
SKU-102,Artisan Sourdough Loaf,Bakery,169,182,176.71,6.35,2.1,10,1,6.44,0.9,164.7
SKU-110,Dark Chocolate Sea Salt Bark,Snacks,225,165,145.28,9.12,3.4,0,3,9.9,1.01,183.1
SKU-107,Hydrating Facial Cleanser 200ml,Personal Care,160,16,16.54,18.98,6.5,10,3,18.7,1.15,19.4
SKU-103,Premium Colombian Coffee 500g,Beverages,78,120,130.0,14.62,7.8,0,4,13.88,1.24,155.2
SKU-109,Plant Protein Powder 900g,Health & Nutrition,281,69,67.39,34.76,19.5,30,6,37.32,1.25,124.9
SKU-105,Wireless Ergonomic Mouse,Electronics,231,106,110.58,29.21,16.0,0,10,29.89,1.08,127.4
SKU-103,Premium Colombian Coffee 500g,Beverages,264,74,70.1,16.81,7.8,0,4,17.3,1.35,111.2
SKU-106,Eco Bamboo Paper Towels 6pk,Household,90,233,255.18,11.31,5.2,5,5,11.82,1.0,243.9
SKU-106,Eco Bamboo Paper Towels 6pk,Household,100,143,136.01,11.75,5.2,0,4,11.2,1.0,142.4
SKU-103,Premium Colombian Coffee 500g,Beverages,164,77,68.14,14.29,7.8,0,4,13.23,0.91,64.6
SKU-105,Wireless Ergonomic Mouse,Electronics,327,63,62.41,30.45,16.0,20,10,32.53,1.07,79.7
SKU-103,Premium Colombian Coffee 500g,Beverages,335,180,200.09,15.19,7.8,10,4,15.45,1.32,273.1
SKU-106,Eco Bamboo Paper Towels 6pk,Household,289,101,112.64,11.9,5.2,0,4,11.36,1.28,143.4
SKU-105,Wireless Ergonomic Mouse,Electronics,245,172,182.72,27.88,16.0,5,10,27.09,1.26,237.6
SKU-103,Premium Colombian Coffee 500g,Beverages,41,153,153.52,16.6,7.8,0,5,16.4,1.19,179.6
SKU-109,Plant Protein Powder 900g,Health & Nutrition,334,243,250.02,38.98,19.5,5,6,37.49,1.06,285.9
SKU-103,Premium Colombian Coffee 500g,Beverages,58,198,207.25,17.19,7.8,5,5,17.14,1.17,265.0
SKU-110,Dark Chocolate Sea Salt Bark,Snacks,141,248,253.82,7.85,3.4,0,2,7.61,1.1,302.9
SKU-110,Dark Chocolate Sea Salt Bark,Snacks,340,183,177.38,7.59,3.4,5,4,8.31,0.88,175.4
SKU-101,Organic Almond Milk 1L,Groceries,337,63,68.43,4.38,2.2,25,2,4.25,1.18,94.0
SKU-109,Plant Protein Powder 900g,Health & Nutrition,326,244,219.74,33.4,19.5,5,8,36.7,1.21,312.3
SKU-104,Extra Virgin Olive Oil 750ml,Pantry,6,67,63.83,17.1,10.5,10,6,16.29,1.0,72.4
SKU-104,Extra Virgin Olive Oil 750ml,Pantry,135,42,41.29,17.56,10.5,20,6,16.41,1.01,52.9
SKU-103,Premium Colombian Coffee 500g,Beverages,109,44,46.81,16.97,7.8,30,4,17.66,0.99,66.0
SKU-106,Eco Bamboo Paper Towels 6pk,Household,245,49,45.29,10.52,5.2,20,5,11.44,1.32,75.7
SKU-105,Wireless Ergonomic Mouse,Electronics,320,30,27.42,29.31,16.0,0,11,28.6,1.14,31.3
SKU-107,Hydrating Facial Cleanser 200ml,Personal Care,85,248,232.26,16.31,6.5,10,5,17.53,0.89,258.7
SKU-108,Organic Honeycrisp Apples 1kg,Produce,195,101,105.19,6.23,3.1,15,2,6.12,0.9,102.5
SKU-105,Wireless Ergonomic Mouse,Electronics,276,71,76.72,32.4,16.0,0,9,35.49,1.21,90.6
SKU-104,Extra Virgin Olive Oil 750ml,Pantry,271,115,112.48,19.98,10.5,0,7,21.34,1.07,138.4
SKU-101,Organic Almond Milk 1L,Groceries,55,223,200.5,4.52,2.2,5,4,4.26,1.14,235.4
SKU-107,Hydrating Facial Cleanser 200ml,Personal Care,28,136,136.22,18.5,6.5,0,4,20.17,1.0,135.6
SKU-104,Extra Virgin Olive Oil 750ml,Pantry,177,204,198.05,20.1,10.5,20,6,21.27,1.15,278.3
SKU-103,Premium Colombian Coffee 500g,Beverages,111,245,240.95,13.74,7.8,5,6,12.76,1.14,289.3
SKU-103,Premium Colombian Coffee 500g,Beverages,116,176,169.62,15.01,7.8,15,4,16.43,1.26,251.1
SKU-101,Organic Almond Milk 1L,Groceries,185,152,155.29,4.37,2.2,0,4,4.33,0.94,134.1
SKU-110,Dark Chocolate Sea Salt Bark,Snacks,277,150,140.86,8.54,3.4,20,3,9.1,0.94,168.1
SKU-104,Extra Virgin Olive Oil 750ml,Pantry,254,211,204.54,18.76,10.5,10,7,17.49,1.07,235.1
SKU-108,Organic Honeycrisp Apples 1kg,Produce,137,61,59.48,6.16,3.1,10,1,6.16,1.19,78.6
SKU-109,Plant Protein Powder 900g,Health & Nutrition,138,185,184.15,36.36,19.5,20,6,34.81,0.95,224.0
SKU-104,Extra Virgin Olive Oil 750ml,Pantry,26,224,237.65,20.95,10.5,10,6,21.82,0.91,225.9
SKU-103,Premium Colombian Coffee 500g,Beverages,121,35,36.87,14.14,7.8,0,4,14.29,0.91,31.9
SKU-106,Eco Bamboo Paper Towels 6pk,Household,12,60,53.26,11.29,5.2,0,5,11.4,1.22,74.0
SKU-102,Artisan Sourdough Loaf,Bakery,105,117,122.58,6.46,2.1,15,1,6.91,0.89,127.0
SKU-101,Organic Almond Milk 1L,Groceries,99,215,193.23,4.69,2.2,15,2,4.72,0.99,236.3
SKU-105,Wireless Ergonomic Mouse,Electronics,276,163,169.13,30.53,16.0,0,9,28.13,1.29,204.5
SKU-108,Organic Honeycrisp Apples 1kg,Produce,229,87,87.15,6.66,3.1,10,3,6.35,1.24,122.2
SKU-106,Eco Bamboo Paper Towels 6pk,Household,189,220,219.36,10.99,5.2,0,4,11.45,1.34,298.5
SKU-101,Organic Almond Milk 1L,Groceries,318,169,159.88,4.96,2.2,0,2,5.45,0.96,164.9
SKU-101,Organic Almond Milk 1L,Groceries,72,98,92.44,4.73,2.2,0,3,4.61,1.05,105.3
SKU-103,Premium Colombian Coffee 500g,Beverages,85,41,44.08,16.28,7.8,20,6,15.33,1.18,60.5
SKU-110,Dark Chocolate Sea Salt Bark,Snacks,275,116,119.16,8.09,3.4,0,2,7.56,1.14,132.9
SKU-102,Artisan Sourdough Loaf,Bakery,75,151,164.8,5.72,2.1,0,2,6.06,0.96,137.9
SKU-105,Wireless Ergonomic Mouse,Electronics,48,179,171.5,30.27,16.0,0,10,31.5,0.92,157.0
SKU-105,Wireless Ergonomic Mouse,Electronics,335,190,168.36,28.92,16.0,0,9,31.59,1.09,182.5
SKU-106,Eco Bamboo Paper Towels 6pk,Household,152,249,235.99,10.58,5.2,10,5,10.89,1.25,324.3
SKU-106,Eco Bamboo Paper Towels 6pk,Household,136,88,88.18,10.51,5.2,0,4,11.46,1.27,122.6
SKU-101,Organic Almond Milk 1L,Groceries,183,191,197.93,4.86,2.2,0,4,5.11,1.21,231.0
SKU-105,Wireless Ergonomic Mouse,Electronics,12,242,218.12,30.57,16.0,0,9,31.59,1.3,313.7
SKU-109,Plant Protein Powder 900g,Health & Nutrition,152,45,39.98,34.95,19.5,30,7,32.85,1.08,58.7
SKU-107,Hydrating Facial Cleanser 200ml,Personal Care,323,183,169.82,17.25,6.5,0,3,17.27,1.04,200.8
SKU-109,Plant Protein Powder 900g,Health & Nutrition,197,71,72.94,36.93,19.5,0,6,38.02,1.01,80.6
SKU-110,Dark Chocolate Sea Salt Bark,Snacks,107,54,53.41,7.63,3.4,20,3,7.44,1.33,84.3
SKU-104,Extra Virgin Olive Oil 750ml,Pantry,60,107,115.25,17.56,10.5,0,6,18.63,1.15,125.2
SKU-105,Wireless Ergonomic Mouse,Electronics,27,116,102.6,31.04,16.0,30,11,30.51,1.12,160.2
SKU-110,Dark Chocolate Sea Salt Bark,Snacks,82,242,255.36,8.63,3.4,0,4,9.38,1.08,274.2
SKU-105,Wireless Ergonomic Mouse,Electronics,255,182,162.02,27.96,16.0,0,10,28.67,1.15,195.5
SKU-103,Premium Colombian Coffee 500g,Beverages,309,150,135.53,17.0,7.8,0,5,18.69,0.97,142.2
SKU-108,Organic Honeycrisp Apples 1kg,Produce,283,225,240.64,7.42,3.1,10,2,7.52,1.27,308.5
SKU-103,Premium Colombian Coffee 500g,Beverages,35,165,162.86,13.8,7.8,0,5,15.17,1.34,197.8
SKU-105,Wireless Ergonomic Mouse,Electronics,60,167,169.8,32.3,16.0,5,9,30.25,1.03,192.0
SKU-108,Organic Honeycrisp Apples 1kg,Produce,334,201,184.07,7.43,3.1,15,3,7.47,1.33,322.8
SKU-108,Organic Honeycrisp Apples 1kg,Produce,28,143,144.81,7.26,3.1,15,2,7.01,1.0,165.6
SKU-102,Artisan Sourdough Loaf,Bakery,197,233,248.38,6.8,2.1,0,1,7.31,1.28,331.9
SKU-109,Plant Protein Powder 900g,Health & Nutrition,286,175,166.05,31.73,19.5,0,8,31.47,0.96,156.0
SKU-110,Dark Chocolate Sea Salt Bark,Snacks,327,90,99.75,8.48,3.4,5,2,8.52,0.98,101.0
SKU-108,Organic Honeycrisp Apples 1kg,Produce,137,82,78.79,6.41,3.1,0,1,6.97,1.33,121.0
SKU-103,Premium Colombian Coffee 500g,Beverages,15,238,215.55,15.6,7.8,0,5,15.56,1.04,255.7
